{
  "version": "2.0",
  "events": [
    {
      "head": {
        "id": "27ee8f12-496a-40f2-ae23-259c328a2883",
        "name": "hvigor build process will be closed.",
        "description": "",
        "type": "log"
      },
      "body": {
        "pid": 71333,
        "tid": "Main Thread",
        "startTime": 7368990773027916
      },
      "additional": {
        "logType": "debug",
        "children": []
      }
    },
    {
      "head": {
        "id": "3385090b-94bb-4e2c-be01-3ab47fbce583",
        "name": "watch worker: worker is ready to be terminated.",
        "description": "",
        "type": "log"
      },
      "body": {
        "pid": 71333,
        "tid": "Main Thread",
        "startTime": 7369008406578333
      },
      "additional": {
        "logType": "debug",
        "children": []
      }
    },
    {
      "head": {
        "id": "06212305-5339-4c47-aafa-88f52f537ccc",
        "name": "Server currently has 0 watch-worker",
        "description": "",
        "type": "log"
      },
      "body": {
        "pid": 71333,
        "tid": "Main Thread",
        "startTime": 7369008406830583
      },
      "additional": {
        "logType": "debug",
        "children": []
      }
    },
    {
      "head": {
        "id": "37195b0d-96b8-4c05-a908-93b5e0ec8c42",
        "name": "watch worker: worker id should be larger than 0. Nothing will be sent to any worker thread.",
        "description": "",
        "type": "log"
      },
      "body": {
        "pid": 71333,
        "tid": "Main Thread",
        "startTime": 7369047622566833
      },
      "additional": {
        "logType": "debug",
        "children": []
      }
    },
    {
      "head": {
        "id": "df6ac781-1ce2-4586-bda1-3de55b14b0df",
        "name": "init",
        "description": "Initialize and build task graph.",
        "type": "duration"
      },
      "body": {
        "pid": 71333,
        "tid": "Main Thread",
        "startTime": 7369047623930625,
        "endTime": 7369047683096208
      },
      "additional": {
        "children": [],
        "state": "success",
        "targetName": "",
        "moduleName": "",
        "category": "Init",
        "taskRunReasons": [],
        "logId": "adcc0592-dc83-4221-8389-59f1d137cb24"
      },
      "log": {
        "_logger": {
          "category": "DurationEvent",
          "context": {},
          "callStackSkipIndex": 0
        },
        "_filelogger": {
          "category": "debug-file",
          "context": {},
          "callStackSkipIndex": 0
        }
      }
    },
    {
      "head": {
        "id": "d3dda772-a79a-4397-b03a-78d62828114c",
        "name": "Hvigor init with startParameters:{\n  hvigorfileTypeCheck: false,\n  parallelExecution: true,\n  incrementalExecution: true,\n  printStackTrace: false,\n  daemon: true,\n  analyze: 0,\n  logLevel: Level { level: 20000, levelStr: 'INFO', colour: 'green' },\n  enableSignTask: true,\n  skipNativeIncremental: false,\n  poolMaxCoreSize: undefined,\n  poolCacheCapacity: undefined,\n  poolCacheTtl: undefined\n}",
        "description": "",
        "type": "log"
      },
      "body": {
        "pid": 71333,
        "tid": "Main Thread",
        "startTime": 7369047624628250
      },
      "additional": {
        "logType": "debug",
        "children": []
      }
    },
    {
      "head": {
        "id": "179c94a3-6123-42eb-8aba-0697b2c4d614",
        "name": "Cache service initialization finished in 2 ms ",
        "description": "",
        "type": "log"
      },
      "body": {
        "pid": 71333,
        "tid": "Main Thread",
        "startTime": 7369047626203166
      },
      "additional": {
        "logType": "debug",
        "children": []
      }
    },
    {
      "head": {
        "id": "484516a3-8cc7-44d0-96fc-67c67199c997",
        "name": "hvigorfile, resolving /Users/jepson/Desktop/Harmony/projects/Part3Demo/hvigorfile.ts",
        "description": "",
        "type": "log"
      },
      "body": {
        "pid": 71333,
        "tid": "Main Thread",
        "startTime": 7369047626832416
      },
      "additional": {
        "logType": "debug",
        "children": []
      }
    },
    {
      "head": {
        "id": "9002a4c6-1df0-4625-9290-c434c8cd989a",
        "name": "hvigorfile, require result:  { default: { system: [Function: appTasks], plugins: [] } }",
        "description": "",
        "type": "log"
      },
      "body": {
        "pid": 71333,
        "tid": "Main Thread",
        "startTime": 7369047630942708
      },
      "additional": {
        "logType": "debug",
        "children": []
      }
    },
    {
      "head": {
        "id": "5eabf186-04f8-4fe5-a862-fec384235d35",
        "name": "hvigorfile, binding system plugins [Function: appTasks]",
        "description": "",
        "type": "log"
      },
      "body": {
        "pid": 71333,
        "tid": "Main Thread",
        "startTime": 7369047631021333
      },
      "additional": {
        "logType": "debug",
        "children": []
      }
    },
    {
      "head": {
        "id": "fe57f1fc-7455-4f85-b044-64ed505ce348",
        "name": "hvigorfile, binding custom plugins []",
        "description": "",
        "type": "log"
      },
      "body": {
        "pid": 71333,
        "tid": "Main Thread",
        "startTime": 7369047632419875
      },
      "additional": {
        "logType": "debug",
        "children": []
      }
    },
    {
      "head": {
        "id": "3b201e6d-1723-416b-ac8a-a615bc08cb84",
        "name": "hvigorfile, no custom plugins were found in /Users/jepson/Desktop/Harmony/projects/Part3Demo/hvigorfile.ts",
        "description": "",
        "type": "log"
      },
      "body": {
        "pid": 71333,
        "tid": "Main Thread",
        "startTime": 7369047632454583
      },
      "additional": {
        "logType": "debug",
        "children": []
      }
    },
    {
      "head": {
        "id": "56219efa-4d49-4485-adf1-e394507ec5f9",
        "name": "hvigorfile, resolve finished /Users/jepson/Desktop/Harmony/projects/Part3Demo/hvigorfile.ts",
        "description": "",
        "type": "log"
      },
      "body": {
        "pid": 71333,
        "tid": "Main Thread",
        "startTime": 7369047632477250
      },
      "additional": {
        "logType": "debug",
        "children": []
      }
    },
    {
      "head": {
        "id": "37edfd95-89fe-464b-9b5f-b78e8e33049a",
        "name": "hvigorfile, resolving /Users/jepson/Desktop/Harmony/projects/Part3Demo/entry/hvigorfile.ts",
        "description": "",
        "type": "log"
      },
      "body": {
        "pid": 71333,
        "tid": "Main Thread",
        "startTime": 7369047632805791
      },
      "additional": {
        "logType": "debug",
        "children": []
      }
    },
    {
      "head": {
        "id": "b28af34a-0222-4561-9b3a-39bf4231bf70",
        "name": "hvigorfile, require result:  { default: { system: [Function: hapTasks], plugins: [] } }",
        "description": "",
        "type": "log"
      },
      "body": {
        "pid": 71333,
        "tid": "Main Thread",
        "startTime": 7369047635394375
      },
      "additional": {
        "logType": "debug",
        "children": []
      }
    },
    {
      "head": {
        "id": "8b70c3ce-481e-4b56-9d29-b48edf058557",
        "name": "hvigorfile, binding system plugins [Function: hapTasks]",
        "description": "",
        "type": "log"
      },
      "body": {
        "pid": 71333,
        "tid": "Main Thread",
        "startTime": 7369047635463666
      },
      "additional": {
        "logType": "debug",
        "children": []
      }
    },
    {
      "head": {
        "id": "b73f4863-cd16-416f-8c2f-3e0ab90b14ba",
        "name": "Module entry Collected Dependency: ",
        "description": "",
        "type": "log"
      },
      "body": {
        "pid": 71333,
        "tid": "Main Thread",
        "startTime": 7369047636820583
      },
      "additional": {
        "logType": "debug",
        "children": []
      }
    },
    {
      "head": {
        "id": "cb78288a-7618-42a1-aaf5-592a9fe5d15a",
        "name": "Module entry's total dependency: 0",
        "description": "",
        "type": "log"
      },
      "body": {
        "pid": 71333,
        "tid": "Main Thread",
        "startTime": 7369047636851041
      },
      "additional": {
        "logType": "debug",
        "children": []
      }
    },
    {
      "head": {
        "id": "c9bfb646-882d-4d64-bc0e-f895856b0c0d",
        "name": "Start initialize module-target build option map, moduleName=entry, buildMode=debug",
        "description": "",
        "type": "log"
      },
      "body": {
        "pid": 71333,
        "tid": "Main Thread",
        "startTime": 7369047638218041
      },
      "additional": {
        "logType": "debug",
        "children": []
      }
    },
    {
      "head": {
        "id": "3d64aca8-9ba0-467e-9be3-9eefa3e295cc",
        "name": "Target 'default' config: {}",
        "description": "",
        "type": "log"
      },
      "body": {
        "pid": 71333,
        "tid": "Main Thread",
        "startTime": 7369047638275000
      },
      "additional": {
        "logType": "debug",
        "children": []
      }
    },
    {
      "head": {
        "id": "3d85c731-614a-4d21-ba6e-1e300f7facfe",
        "name": "Target 'ohosTest' config: {}",
        "description": "",
        "type": "log"
      },
      "body": {
        "pid": 71333,
        "tid": "Main Thread",
        "startTime": 7369047638329958
      },
      "additional": {
        "logType": "debug",
        "children": []
      }
    },
    {
      "head": {
        "id": "062a9d6a-d7d7-4307-b5cc-725b6d047eda",
        "name": "Module 'entry' target 'default' build option: {\n  \"debuggable\": true,\n  \"copyFrom\": \"default\",\n  \"name\": \"debug\"\n}",
        "description": "",
        "type": "log"
      },
      "body": {
        "pid": 71333,
        "tid": "Main Thread",
        "startTime": 7369047638370166
      },
      "additional": {
        "logType": "debug",
        "children": []
      }
    },
    {
      "head": {
        "id": "8a1c2c34-abeb-4a07-b256-3e2d55bba294",
        "name": "Module 'entry' target 'ohosTest' build option: {\n  \"debuggable\": true,\n  \"name\": \"default\"\n}",
        "description": "",
        "type": "log"
      },
      "body": {
        "pid": 71333,
        "tid": "Main Thread",
        "startTime": 7369047638411875
      },
      "additional": {
        "logType": "debug",
        "children": []
      }
    },
    {
      "head": {
        "id": "164ff0af-49af-4c79-8a8d-027ce981f597",
        "name": "End initialize module-target build option map, moduleName=entry",
        "description": "",
        "type": "log"
      },
      "body": {
        "pid": 71333,
        "tid": "Main Thread",
        "startTime": 7369047638438583
      },
      "additional": {
        "logType": "debug",
        "children": []
      }
    },
    {
      "head": {
        "id": "76c6a500-d9f0-4e1c-a5f5-be36f0a78cac",
        "name": "Module 'entry' target 'default' using build option: {\n  \"debuggable\": true,\n  \"copyFrom\": \"default\",\n  \"name\": \"debug\"\n} in this build.",
        "description": "",
        "type": "log"
      },
      "body": {
        "pid": 71333,
        "tid": "Main Thread",
        "startTime": 7369047638461875
      },
      "additional": {
        "logType": "debug",
        "children": []
      }
    },
    {
      "head": {
        "id": "564a0ca6-d021-4061-88b7-06a31aa8b897",
        "name": "require SDK: toolchains,ArkTS; moduleName=entry",
        "description": "",
        "type": "log"
      },
      "body": {
        "pid": 71333,
        "tid": "Main Thread",
        "startTime": 7369047638681416
      },
      "additional": {
        "logType": "debug",
        "children": []
      }
    },
    {
      "head": {
        "id": "cf25333d-b1f3-47a0-a9ca-8da06b39baf0",
        "name": "Module entry task initialization takes 1 ms ",
        "description": "",
        "type": "log"
      },
      "body": {
        "pid": 71333,
        "tid": "Main Thread",
        "startTime": 7369047639863708
      },
      "additional": {
        "logType": "debug",
        "children": []
      }
    },
    {
      "head": {
        "id": "1d059797-1adc-4242-8255-7754d7d04138",
        "name": "hvigorfile, binding custom plugins []",
        "description": "",
        "type": "log"
      },
      "body": {
        "pid": 71333,
        "tid": "Main Thread",
        "startTime": 7369047639912166
      },
      "additional": {
        "logType": "debug",
        "children": []
      }
    },
    {
      "head": {
        "id": "ebd689e4-a743-471b-bf84-ff9c1834d43d",
        "name": "hvigorfile, no custom plugins were found in /Users/jepson/Desktop/Harmony/projects/Part3Demo/entry/hvigorfile.ts",
        "description": "",
        "type": "log"
      },
      "body": {
        "pid": 71333,
        "tid": "Main Thread",
        "startTime": 7369047639933708
      },
      "additional": {
        "logType": "debug",
        "children": []
      }
    },
    {
      "head": {
        "id": "9d8f4497-1c81-4f31-bdc3-60b197cf8ddb",
        "name": "hvigorfile, resolve finished /Users/jepson/Desktop/Harmony/projects/Part3Demo/entry/hvigorfile.ts",
        "description": "",
        "type": "log"
      },
      "body": {
        "pid": 71333,
        "tid": "Main Thread",
        "startTime": 7369047639951833
      },
      "additional": {
        "logType": "debug",
        "children": []
      }
    },
    {
      "head": {
        "id": "04c04628-4de5-41e3-86e9-a061f4aa2d1d",
        "name": "hvigorfile, resolve hvigorfile dependencies in 36 ms ",
        "description": "",
        "type": "log"
      },
      "body": {
        "pid": 71333,
        "tid": "Main Thread",
        "startTime": 7369047675238541
      },
      "additional": {
        "logType": "debug",
        "children": []
      }
    },
    {
      "head": {
        "id": "cf765f82-6bbf-4ea9-91ff-2199c12b51b1",
        "name": "Start initialize project's product build option map with build mode debug.",
        "description": "",
        "type": "log"
      },
      "body": {
        "pid": 71333,
        "tid": "Main Thread",
        "startTime": 7369047675407666
      },
      "additional": {
        "logType": "debug",
        "children": []
      }
    },
    {
      "head": {
        "id": "5790b068-7bc0-49bd-9c29-1f903d17d0ae",
        "name": "Picking option from product 'default' with build mode 'debug'.",
        "description": "",
        "type": "log"
      },
      "body": {
        "pid": 71333,
        "tid": "Main Thread",
        "startTime": 7369047675440708
      },
      "additional": {
        "logType": "debug",
        "children": []
      }
    },
    {
      "head": {
        "id": "fcadfa00-86e9-461d-b28a-5695ea48ef15",
        "name": "Product 'default' build option: {}",
        "description": "",
        "type": "log"
      },
      "body": {
        "pid": 71333,
        "tid": "Main Thread",
        "startTime": 7369047675479833
      },
      "additional": {
        "logType": "debug",
        "children": []
      }
    },
    {
      "head": {
        "id": "39fd17a6-8199-4646-a940-3e597d34742e",
        "name": "End initialize project's product build option map with build mode 'debug'.",
        "description": "",
        "type": "log"
      },
      "body": {
        "pid": 71333,
        "tid": "Main Thread",
        "startTime": 7369047675497875
      },
      "additional": {
        "logType": "debug",
        "children": []
      }
    },
    {
      "head": {
        "id": "56b6aab3-a84a-48e8-9627-10b9d00c2a40",
        "name": "Module Part3Demo Collected Dependency: ",
        "description": "",
        "type": "log"
      },
      "body": {
        "pid": 71333,
        "tid": "Main Thread",
        "startTime": 7369047675731875
      },
      "additional": {
        "logType": "debug",
        "children": []
      }
    },
    {
      "head": {
        "id": "1ab8e951-57a0-4628-aa9e-ec1eddfe5a15",
        "name": "Module Part3Demo's total dependency: 0",
        "description": "",
        "type": "log"
      },
      "body": {
        "pid": 71333,
        "tid": "Main Thread",
        "startTime": 7369047675752791
      },
      "additional": {
        "logType": "debug",
        "children": []
      }
    },
    {
      "head": {
        "id": "6302ad40-c8ba-4b62-b33f-d74ec7c74fa3",
        "name": "Product 'default' using build option: {\n  \"debuggable\": true\n} in this build.",
        "description": "",
        "type": "log"
      },
      "body": {
        "pid": 71333,
        "tid": "Main Thread",
        "startTime": 7369047676082041
      },
      "additional": {
        "logType": "debug",
        "children": []
      }
    },
    {
      "head": {
        "id": "569f72b4-e57e-48b7-b316-235839fb5cd5",
        "name": "Sdk init in 1 ms ",
        "description": "",
        "type": "log"
      },
      "body": {
        "pid": 71333,
        "tid": "Main Thread",
        "startTime": 7369047677524250
      },
      "additional": {
        "logType": "debug",
        "children": []
      }
    },
    {
      "head": {
        "id": "beb48158-d01f-4e72-9799-06fdb606ac84",
        "name": "sdkVersion",
        "description": "4.1.0.52",
        "type": "mark"
      },
      "body": {
        "pid": 71333,
        "tid": "Main Thread",
        "startTime": 7369047677563833
      },
      "additional": {
        "time": {
          "year": 2024,
          "month": 4,
          "day": 29,
          "hour": 18,
          "minute": 12
        },
        "markType": "other"
      }
    },
    {
      "head": {
        "id": "21aecb12-d70e-4f10-9765-85c46c2ecbf1",
        "name": "Project task initialization takes 4 ms ",
        "description": "",
        "type": "log"
      },
      "body": {
        "pid": 71333,
        "tid": "Main Thread",
        "startTime": 7369047681492708
      },
      "additional": {
        "logType": "debug",
        "children": []
      }
    },
    {
      "head": {
        "id": "6eeb58ab-cea8-42a7-ad92-ef04b4399061",
        "name": "Sdk init in 1 ms ",
        "description": "",
        "type": "log"
      },
      "body": {
        "pid": 71333,
        "tid": "Main Thread",
        "startTime": 7369047682110000
      },
      "additional": {
        "logType": "debug",
        "children": []
      }
    },
    {
      "head": {
        "id": "35dcbb8a-0120-4b96-a5f2-358e6aebc406",
        "name": "project has submodules:entry",
        "description": "",
        "type": "log"
      },
      "body": {
        "pid": 71333,
        "tid": "Main Thread",
        "startTime": 7369047682563375
      },
      "additional": {
        "logType": "debug",
        "children": []
      }
    },
    {
      "head": {
        "id": "eb418bf8-f1aa-4176-99d3-af17b87cb80d",
        "name": "Configuration phase cost:57 ms ",
        "description": "",
        "type": "log"
      },
      "body": {
        "pid": 71333,
        "tid": "Main Thread",
        "startTime": 7369047682819541
      },
      "additional": {
        "logType": "debug",
        "children": []
      }
    },
    {
      "head": {
        "id": "adcc0592-dc83-4221-8389-59f1d137cb24",
        "name": "init",
        "description": "",
        "type": "log"
      },
      "body": {
        "pid": 71333,
        "tid": "Main Thread",
        "startTime": 7369047623930625,
        "endTime": 7369047683096208
      },
      "additional": {
        "logType": "info",
        "children": [],
        "durationId": "df6ac781-1ce2-4586-bda1-3de55b14b0df"
      }
    },
    {
      "head": {
        "id": "041e57ff-41ca-48ad-8984-83ee27413921",
        "name": "Configuration task cost before running: 60 ms ",
        "description": "",
        "type": "log"
      },
      "body": {
        "pid": 71333,
        "tid": "Main Thread",
        "startTime": 7369047683157375
      },
      "additional": {
        "logType": "debug",
        "children": []
      }
    },
    {
      "head": {
        "id": "05574860-9c9d-450e-849b-87932fd95de3",
        "name": "entry:default@PreBuild",
        "description": "Pre-build in the stage model.",
        "type": "duration"
      },
      "body": {
        "pid": 71333,
        "tid": "Main Thread",
        "startTime": 7369047684442458,
        "endTime": 7369047685184541
      },
      "additional": {
        "children": [],
        "state": "success",
        "targetName": "default",
        "moduleName": "entry",
        "category": "Verification",
        "taskRunReasons": [],
        "detailId": "27df6588-b816-4ac5-a9be-7ded7fe0994a",
        "logId": "d04666e0-d45b-48bf-9156-f8597a71251e"
      },
      "log": {
        "_logger": {
          "category": "DurationEvent",
          "context": {},
          "callStackSkipIndex": 0
        },
        "_filelogger": {
          "category": "debug-file",
          "context": {},
          "callStackSkipIndex": 0
        }
      }
    },
    {
      "head": {
        "id": "27df6588-b816-4ac5-a9be-7ded7fe0994a",
        "name": "create entry:default@PreBuild task",
        "description": "",
        "type": "log"
      },
      "body": {
        "pid": 71333,
        "tid": "Main Thread",
        "startTime": 7369047683466500
      },
      "additional": {
        "logType": "detail",
        "children": [],
        "durationId": "05574860-9c9d-450e-849b-87932fd95de3"
      }
    },
    {
      "head": {
        "id": "1d350391-0813-4a1d-8171-a0d5056e8592",
        "name": "entry : default@PreBuild start {\n  rss: 308707328,\n  heapTotal: 111149056,\n  heapUsed: 95035896,\n  external: 1046552,\n  arrayBuffers: 112710\n}",
        "description": "",
        "type": "log"
      },
      "body": {
        "pid": 71333,
        "tid": "Main Thread",
        "startTime": 7369047684390625
      },
      "additional": {
        "logType": "debug",
        "children": []
      }
    },
    {
      "head": {
        "id": "4b4a8b0f-8769-4851-89db-131005a729f4",
        "name": "Executing task :entry:default@PreBuild",
        "description": "",
        "type": "log"
      },
      "body": {
        "pid": 71333,
        "tid": "Main Thread",
        "startTime": 7369047684447416
      },
      "additional": {
        "logType": "debug",
        "children": []
      }
    },
    {
      "head": {
        "id": "8936b885-9659-4fa6-a6ef-f8e3d04dc009",
        "name": "Incremental task entry:default@PreBuild pre-execution cost: 1 ms .",
        "description": "",
        "type": "log"
      },
      "body": {
        "pid": 71333,
        "tid": "Main Thread",
        "startTime": 7369047685089458
      },
      "additional": {
        "logType": "debug",
        "children": []
      }
    },
    {
      "head": {
        "id": "c1a6187a-33f7-48f2-80b8-6cf97868c69a",
        "name": "entry : default@PreBuild end {\n  rss: 308854784,\n  heapTotal: 111149056,\n  heapUsed: 95175992,\n  external: 1046552,\n  arrayBuffers: 112710\n}",
        "description": "",
        "type": "log"
      },
      "body": {
        "pid": 71333,
        "tid": "Main Thread",
        "startTime": 7369047685155208
      },
      "additional": {
        "logType": "debug",
        "children": []
      }
    },
    {
      "head": {
        "id": "d04666e0-d45b-48bf-9156-f8597a71251e",
        "name": "UP-TO-DATE :entry:default@PreBuild",
        "description": "Pre-build in the stage model.",
        "type": "log"
      },
      "body": {
        "pid": 71333,
        "tid": "Main Thread",
        "startTime": 7369047684442458,
        "endTime": 7369047685184541
      },
      "additional": {
        "logType": "info",
        "children": [],
        "durationId": "05574860-9c9d-450e-849b-87932fd95de3"
      }
    },
    {
      "head": {
        "id": "e9219558-46c9-487a-b59c-6b476e1d19ae",
        "name": "entry:default@CreateBuildProfile",
        "description": "Create the BuildProfile.ets file for the HAP/HSP package.",
        "type": "duration"
      },
      "body": {
        "pid": 71333,
        "tid": "Main Thread",
        "startTime": 7369047685627291,
        "endTime": 7369047686423916
      },
      "additional": {
        "children": [],
        "state": "success",
        "targetName": "default",
        "moduleName": "entry",
        "category": "Generate",
        "taskRunReasons": [],
        "detailId": "c2a221b4-2cf9-44cc-a9a3-56448fcdb611",
        "logId": "79e18097-3f14-49f5-bca0-9d914aedbde5"
      },
      "log": {
        "_logger": {
          "category": "DurationEvent",
          "context": {},
          "callStackSkipIndex": 0
        },
        "_filelogger": {
          "category": "debug-file",
          "context": {},
          "callStackSkipIndex": 0
        }
      }
    },
    {
      "head": {
        "id": "c2a221b4-2cf9-44cc-a9a3-56448fcdb611",
        "name": "create entry:default@CreateBuildProfile task",
        "description": "",
        "type": "log"
      },
      "body": {
        "pid": 71333,
        "tid": "Main Thread",
        "startTime": 7369047685456416
      },
      "additional": {
        "logType": "detail",
        "children": [],
        "durationId": "e9219558-46c9-487a-b59c-6b476e1d19ae"
      }
    },
    {
      "head": {
        "id": "8c370f80-02a8-4fa4-9558-1dd13d2e1071",
        "name": "entry : default@CreateBuildProfile start {\n  rss: 309018624,\n  heapTotal: 111149056,\n  heapUsed: 95361088,\n  external: 1046552,\n  arrayBuffers: 112710\n}",
        "description": "",
        "type": "log"
      },
      "body": {
        "pid": 71333,
        "tid": "Main Thread",
        "startTime": 7369047685596583
      },
      "additional": {
        "logType": "debug",
        "children": []
      }
    },
    {
      "head": {
        "id": "9e430fef-8213-4f66-92bd-4e2546bec841",
        "name": "Executing task :entry:default@CreateBuildProfile",
        "description": "",
        "type": "log"
      },
      "body": {
        "pid": 71333,
        "tid": "Main Thread",
        "startTime": 7369047685631000
      },
      "additional": {
        "logType": "debug",
        "children": []
      }
    },
    {
      "head": {
        "id": "79453c35-bab5-4c36-8174-a4c9d0b6cb37",
        "name": "Incremental task entry:default@CreateBuildProfile pre-execution cost: 1 ms .",
        "description": "",
        "type": "log"
      },
      "body": {
        "pid": 71333,
        "tid": "Main Thread",
        "startTime": 7369047686351208
      },
      "additional": {
        "logType": "debug",
        "children": []
      }
    },
    {
      "head": {
        "id": "cd0d8e0f-00ac-4654-a984-7f2eca0cac1e",
        "name": "entry : default@CreateBuildProfile end {\n  rss: 309149696,\n  heapTotal: 111149056,\n  heapUsed: 95477384,\n  external: 1046552,\n  arrayBuffers: 112710\n}",
        "description": "",
        "type": "log"
      },
      "body": {
        "pid": 71333,
        "tid": "Main Thread",
        "startTime": 7369047686398083
      },
      "additional": {
        "logType": "debug",
        "children": []
      }
    },
    {
      "head": {
        "id": "79e18097-3f14-49f5-bca0-9d914aedbde5",
        "name": "UP-TO-DATE :entry:default@CreateBuildProfile",
        "description": "Create the BuildProfile.ets file for the HAP/HSP package.",
        "type": "log"
      },
      "body": {
        "pid": 71333,
        "tid": "Main Thread",
        "startTime": 7369047685627291,
        "endTime": 7369047686423916
      },
      "additional": {
        "logType": "info",
        "children": [],
        "durationId": "e9219558-46c9-487a-b59c-6b476e1d19ae"
      }
    },
    {
      "head": {
        "id": "e6365e85-28ef-4af2-a681-9ae12d4e47a9",
        "name": "entry:default@GenerateLoaderJson",
        "description": "Generate loader.json in the stage model.",
        "type": "duration"
      },
      "body": {
        "pid": 71333,
        "tid": "Main Thread",
        "startTime": 7369047687574083,
        "endTime": 7369047687877875
      },
      "additional": {
        "children": [],
        "state": "success",
        "targetName": "default",
        "moduleName": "entry",
        "category": "Generate",
        "taskRunReasons": [],
        "detailId": "fba51d4c-0b65-40d9-ae27-7e6c498dcd51",
        "logId": "c898b31d-ec27-445c-b63c-fa9059b17496"
      },
      "log": {
        "_logger": {
          "category": "DurationEvent",
          "context": {},
          "callStackSkipIndex": 0
        },
        "_filelogger": {
          "category": "debug-file",
          "context": {},
          "callStackSkipIndex": 0
        }
      }
    },
    {
      "head": {
        "id": "fba51d4c-0b65-40d9-ae27-7e6c498dcd51",
        "name": "create entry:default@GenerateLoaderJson task",
        "description": "",
        "type": "log"
      },
      "body": {
        "pid": 71333,
        "tid": "Main Thread",
        "startTime": 7369047686746250
      },
      "additional": {
        "logType": "detail",
        "children": [],
        "durationId": "e6365e85-28ef-4af2-a681-9ae12d4e47a9"
      }
    },
    {
      "head": {
        "id": "58c21f4f-e2ec-4e48-8f73-8e66cd111274",
        "name": "entry : default@GenerateLoaderJson start {\n  rss: 309460992,\n  heapTotal: 111149056,\n  heapUsed: 95803968,\n  external: 1054744,\n  arrayBuffers: 120902\n}",
        "description": "",
        "type": "log"
      },
      "body": {
        "pid": 71333,
        "tid": "Main Thread",
        "startTime": 7369047687543541
      },
      "additional": {
        "logType": "debug",
        "children": []
      }
    },
    {
      "head": {
        "id": "d6a386f9-079f-4bdb-ad67-89488cb2924c",
        "name": "Executing task :entry:default@GenerateLoaderJson",
        "description": "",
        "type": "log"
      },
      "body": {
        "pid": 71333,
        "tid": "Main Thread",
        "startTime": 7369047687578333
      },
      "additional": {
        "logType": "debug",
        "children": []
      }
    },
    {
      "head": {
        "id": "902fb83d-1f70-4058-a146-35fce86fb697",
        "name": "Incremental task entry:default@GenerateLoaderJson pre-execution cost: 1 ms .",
        "description": "",
        "type": "log"
      },
      "body": {
        "pid": 71333,
        "tid": "Main Thread",
        "startTime": 7369047687815333
      },
      "additional": {
        "logType": "debug",
        "children": []
      }
    },
    {
      "head": {
        "id": "de2ca820-1825-469c-817a-19e5bf5dbb78",
        "name": "entry : default@GenerateLoaderJson end {\n  rss: 309542912,\n  heapTotal: 111149056,\n  heapUsed: 95874560,\n  external: 1054744,\n  arrayBuffers: 120902\n}",
        "description": "",
        "type": "log"
      },
      "body": {
        "pid": 71333,
        "tid": "Main Thread",
        "startTime": 7369047687852375
      },
      "additional": {
        "logType": "debug",
        "children": []
      }
    },
    {
      "head": {
        "id": "c898b31d-ec27-445c-b63c-fa9059b17496",
        "name": "UP-TO-DATE :entry:default@GenerateLoaderJson",
        "description": "Generate loader.json in the stage model.",
        "type": "log"
      },
      "body": {
        "pid": 71333,
        "tid": "Main Thread",
        "startTime": 7369047687574083,
        "endTime": 7369047687877875
      },
      "additional": {
        "logType": "info",
        "children": [],
        "durationId": "e6365e85-28ef-4af2-a681-9ae12d4e47a9"
      }
    },
    {
      "head": {
        "id": "ac4d510d-327c-42a9-bb90-4accca4ea922",
        "name": "entry:default@MergeProfile",
        "description": "Merge app config manifest files in the stage model.",
        "type": "duration"
      },
      "body": {
        "pid": 71333,
        "tid": "Main Thread",
        "startTime": 7369047688499041,
        "endTime": 7369047688974625
      },
      "additional": {
        "children": [],
        "state": "success",
        "targetName": "default",
        "moduleName": "entry",
        "category": "Config",
        "taskRunReasons": [],
        "detailId": "fa459bbe-5670-4342-949b-f50a6eaa5518",
        "logId": "494784f6-9d01-4e15-af46-65fb877c1f61"
      },
      "log": {
        "_logger": {
          "category": "DurationEvent",
          "context": {},
          "callStackSkipIndex": 0
        },
        "_filelogger": {
          "category": "debug-file",
          "context": {},
          "callStackSkipIndex": 0
        }
      }
    },
    {
      "head": {
        "id": "fa459bbe-5670-4342-949b-f50a6eaa5518",
        "name": "create entry:default@MergeProfile task",
        "description": "",
        "type": "log"
      },
      "body": {
        "pid": 71333,
        "tid": "Main Thread",
        "startTime": 7369047688111000
      },
      "additional": {
        "logType": "detail",
        "children": [],
        "durationId": "ac4d510d-327c-42a9-bb90-4accca4ea922"
      }
    },
    {
      "head": {
        "id": "5e855ab6-1207-4939-94f6-054b94f1036c",
        "name": "entry : default@MergeProfile start {\n  rss: 309723136,\n  heapTotal: 111149056,\n  heapUsed: 96053024,\n  external: 1062936,\n  arrayBuffers: 129094\n}",
        "description": "",
        "type": "log"
      },
      "body": {
        "pid": 71333,
        "tid": "Main Thread",
        "startTime": 7369047688467708
      },
      "additional": {
        "logType": "debug",
        "children": []
      }
    },
    {
      "head": {
        "id": "3e17ce35-680b-40d3-9227-9388f0a7f01b",
        "name": "Executing task :entry:default@MergeProfile",
        "description": "",
        "type": "log"
      },
      "body": {
        "pid": 71333,
        "tid": "Main Thread",
        "startTime": 7369047688504500
      },
      "additional": {
        "logType": "debug",
        "children": []
      }
    },
    {
      "head": {
        "id": "5823c9c8-44f0-4b21-b783-37cac59310bb",
        "name": "Incremental task entry:default@MergeProfile pre-execution cost: 1 ms .",
        "description": "",
        "type": "log"
      },
      "body": {
        "pid": 71333,
        "tid": "Main Thread",
        "startTime": 7369047688891250
      },
      "additional": {
        "logType": "debug",
        "children": []
      }
    },
    {
      "head": {
        "id": "6de6b292-1228-4121-93ea-154100de0559",
        "name": "entry : default@MergeProfile end {\n  rss: 309805056,\n  heapTotal: 111149056,\n  heapUsed: 96131888,\n  external: 1062936,\n  arrayBuffers: 129094\n}",
        "description": "",
        "type": "log"
      },
      "body": {
        "pid": 71333,
        "tid": "Main Thread",
        "startTime": 7369047688949875
      },
      "additional": {
        "logType": "debug",
        "children": []
      }
    },
    {
      "head": {
        "id": "494784f6-9d01-4e15-af46-65fb877c1f61",
        "name": "UP-TO-DATE :entry:default@MergeProfile",
        "description": "Merge app config manifest files in the stage model.",
        "type": "log"
      },
      "body": {
        "pid": 71333,
        "tid": "Main Thread",
        "startTime": 7369047688499041,
        "endTime": 7369047688974625
      },
      "additional": {
        "logType": "info",
        "children": [],
        "durationId": "ac4d510d-327c-42a9-bb90-4accca4ea922"
      }
    },
    {
      "head": {
        "id": "825e4c6e-d480-4f38-a4d3-18c2b14d86c0",
        "name": "entry:default@ProcessProfile",
        "description": "Process app config manifest files in the stage model.",
        "type": "duration"
      },
      "body": {
        "pid": 71333,
        "tid": "Main Thread",
        "startTime": 7369047689784625,
        "endTime": 7369047690449000
      },
      "additional": {
        "children": [],
        "state": "success",
        "targetName": "default",
        "moduleName": "entry",
        "category": "Config",
        "taskRunReasons": [],
        "detailId": "81ab6fb3-4692-4a7a-820c-3947d8b5960e",
        "logId": "dae3d50f-08d2-4dc0-b139-b854e4ed3496"
      },
      "log": {
        "_logger": {
          "category": "DurationEvent",
          "context": {},
          "callStackSkipIndex": 0
        },
        "_filelogger": {
          "category": "debug-file",
          "context": {},
          "callStackSkipIndex": 0
        }
      }
    },
    {
      "head": {
        "id": "81ab6fb3-4692-4a7a-820c-3947d8b5960e",
        "name": "create entry:default@ProcessProfile task",
        "description": "",
        "type": "log"
      },
      "body": {
        "pid": 71333,
        "tid": "Main Thread",
        "startTime": 7369047689184583
      },
      "additional": {
        "logType": "detail",
        "children": [],
        "durationId": "825e4c6e-d480-4f38-a4d3-18c2b14d86c0"
      }
    },
    {
      "head": {
        "id": "3b9cf6e1-2a1c-4612-8722-024ada221f1c",
        "name": "entry : default@ProcessProfile start {\n  rss: 309985280,\n  heapTotal: 111149056,\n  heapUsed: 96323376,\n  external: 1062936,\n  arrayBuffers: 129094\n}",
        "description": "",
        "type": "log"
      },
      "body": {
        "pid": 71333,
        "tid": "Main Thread",
        "startTime": 7369047689722083
      },
      "additional": {
        "logType": "debug",
        "children": []
      }
    },
    {
      "head": {
        "id": "6275de81-59d6-4fff-947c-ac4a7accb0d9",
        "name": "Executing task :entry:default@ProcessProfile",
        "description": "",
        "type": "log"
      },
      "body": {
        "pid": 71333,
        "tid": "Main Thread",
        "startTime": 7369047689792333
      },
      "additional": {
        "logType": "debug",
        "children": []
      }
    },
    {
      "head": {
        "id": "ce652ca2-fe32-4843-9d2e-7060d66423d6",
        "name": "Incremental task entry:default@ProcessProfile pre-execution cost: 1 ms .",
        "description": "",
        "type": "log"
      },
      "body": {
        "pid": 71333,
        "tid": "Main Thread",
        "startTime": 7369047690346541
      },
      "additional": {
        "logType": "debug",
        "children": []
      }
    },
    {
      "head": {
        "id": "29c07d1f-e915-4311-9252-b8d6c4e4d34d",
        "name": "entry : default@ProcessProfile end {\n  rss: 310067200,\n  heapTotal: 111149056,\n  heapUsed: 96384776,\n  external: 1062936,\n  arrayBuffers: 129094\n}",
        "description": "",
        "type": "log"
      },
      "body": {
        "pid": 71333,
        "tid": "Main Thread",
        "startTime": 7369047690412875
      },
      "additional": {
        "logType": "debug",
        "children": []
      }
    },
    {
      "head": {
        "id": "dae3d50f-08d2-4dc0-b139-b854e4ed3496",
        "name": "UP-TO-DATE :entry:default@ProcessProfile",
        "description": "Process app config manifest files in the stage model.",
        "type": "log"
      },
      "body": {
        "pid": 71333,
        "tid": "Main Thread",
        "startTime": 7369047689784625,
        "endTime": 7369047690449000
      },
      "additional": {
        "logType": "info",
        "children": [],
        "durationId": "825e4c6e-d480-4f38-a4d3-18c2b14d86c0"
      }
    },
    {
      "head": {
        "id": "bd0175df-884e-4b62-b5a3-e92a410f68ba",
        "name": "entry:default@PreviewProcessResource",
        "description": "Process preview resources incrementally in the stage model.",
        "type": "duration"
      },
      "body": {
        "pid": 71333,
        "tid": "Main Thread",
        "startTime": 7369047691592833,
        "endTime": 7369047692772916
      },
      "additional": {
        "children": [],
        "state": "success",
        "targetName": "default",
        "moduleName": "entry",
        "category": "Resources",
        "taskRunReasons": [],
        "detailId": "94300ff4-2be9-4892-8398-24f7bf219ed2",
        "logId": "ebd0710b-049e-4d95-b2fe-27131fd58697"
      },
      "log": {
        "_logger": {
          "category": "DurationEvent",
          "context": {},
          "callStackSkipIndex": 0
        },
        "_filelogger": {
          "category": "debug-file",
          "context": {},
          "callStackSkipIndex": 0
        }
      }
    },
    {
      "head": {
        "id": "94300ff4-2be9-4892-8398-24f7bf219ed2",
        "name": "create entry:default@PreviewProcessResource task",
        "description": "",
        "type": "log"
      },
      "body": {
        "pid": 71333,
        "tid": "Main Thread",
        "startTime": 7369047690728000
      },
      "additional": {
        "logType": "detail",
        "children": [],
        "durationId": "bd0175df-884e-4b62-b5a3-e92a410f68ba"
      }
    },
    {
      "head": {
        "id": "1dc73021-ed3c-4a98-a8a1-9587166b7ca0",
        "name": "restool module names: entry; moduleName=entry, taskName=default@PreviewProcessResource",
        "description": "",
        "type": "log"
      },
      "body": {
        "pid": 71333,
        "tid": "Main Thread",
        "startTime": 7369047691159458
      },
      "additional": {
        "logType": "debug",
        "children": []
      }
    },
    {
      "head": {
        "id": "62c2ae08-a52d-4c9f-b02a-aecd3800e6fd",
        "name": "entry : default@PreviewProcessResource start {\n  rss: 310312960,\n  heapTotal: 111149056,\n  heapUsed: 96620672,\n  external: 1071128,\n  arrayBuffers: 137286\n}",
        "description": "",
        "type": "log"
      },
      "body": {
        "pid": 71333,
        "tid": "Main Thread",
        "startTime": 7369047691566125
      },
      "additional": {
        "logType": "debug",
        "children": []
      }
    },
    {
      "head": {
        "id": "e3982920-0201-42eb-bad4-592222e9bd67",
        "name": "Executing task :entry:default@PreviewProcessResource",
        "description": "",
        "type": "log"
      },
      "body": {
        "pid": 71333,
        "tid": "Main Thread",
        "startTime": 7369047692136291
      },
      "additional": {
        "logType": "debug",
        "children": []
      }
    },
    {
      "head": {
        "id": "84dd94e3-df30-4b2a-83df-972a410d6680",
        "name": "entry : default@PreviewProcessResource end {\n  rss: 310427648,\n  heapTotal: 111149056,\n  heapUsed: 96721264,\n  external: 1071128,\n  arrayBuffers: 137286\n}",
        "description": "",
        "type": "log"
      },
      "body": {
        "pid": 71333,
        "tid": "Main Thread",
        "startTime": 7369047692229833
      },
      "additional": {
        "logType": "debug",
        "children": []
      }
    },
    {
      "head": {
        "id": "0a4a696c-47a6-4032-a9e2-b07f16d04b1f",
        "name": "runTaskFromQueue task cost before running: 69 ms ",
        "description": "",
        "type": "log"
      },
      "body": {
        "pid": 71333,
        "tid": "Main Thread",
        "startTime": 7369047692737750
      },
      "additional": {
        "logType": "debug",
        "children": []
      }
    },
    {
      "head": {
        "id": "ebd0710b-049e-4d95-b2fe-27131fd58697",
        "name": "Finished :entry:default@PreviewProcessResource",
        "description": "Process preview resources incrementally in the stage model.",
        "type": "log"
      },
      "body": {
        "pid": 71333,
        "tid": "Main Thread",
        "startTime": 7369047691592833,
        "endTime": 7369047692772916
      },
      "additional": {
        "logType": "info",
        "children": [],
        "durationId": "bd0175df-884e-4b62-b5a3-e92a410f68ba"
      }
    },
    {
      "head": {
        "id": "2d3103b7-bb47-4d96-b616-2b2e1fefb35e",
        "name": "entry:default@PreviewCompileResource",
        "description": "Use Preview to compile project resources in the stage model.",
        "type": "duration"
      },
      "body": {
        "pid": 71333,
        "tid": "Main Thread",
        "startTime": 7369047694339041,
        "endTime": 7369047697415125
      },
      "additional": {
        "children": [],
        "state": "success",
        "targetName": "default",
        "moduleName": "entry",
        "category": "Resources",
        "taskRunReasons": [],
        "detailId": "4600e790-1f03-4e93-9a77-9302d239a532",
        "logId": "7595c4de-60e1-4534-a4a2-6bb20a1c7924"
      },
      "log": {
        "_logger": {
          "category": "DurationEvent",
          "context": {},
          "callStackSkipIndex": 0
        },
        "_filelogger": {
          "category": "debug-file",
          "context": {},
          "callStackSkipIndex": 0
        }
      }
    },
    {
      "head": {
        "id": "4600e790-1f03-4e93-9a77-9302d239a532",
        "name": "create entry:default@PreviewCompileResource task",
        "description": "",
        "type": "log"
      },
      "body": {
        "pid": 71333,
        "tid": "Main Thread",
        "startTime": 7369047693452833
      },
      "additional": {
        "logType": "detail",
        "children": [],
        "durationId": "2d3103b7-bb47-4d96-b616-2b2e1fefb35e"
      }
    },
    {
      "head": {
        "id": "4152284c-f407-4c35-bb9c-accdd97b0aa8",
        "name": "restool module names: entry; moduleName=entry, taskName=default@PreviewCompileResource",
        "description": "",
        "type": "log"
      },
      "body": {
        "pid": 71333,
        "tid": "Main Thread",
        "startTime": 7369047693878416
      },
      "additional": {
        "logType": "debug",
        "children": []
      }
    },
    {
      "head": {
        "id": "157c2a55-b998-4d26-98db-711c22bfdf38",
        "name": "entry : default@PreviewCompileResource start {\n  rss: 310837248,\n  heapTotal: 111149056,\n  heapUsed: 97152328,\n  external: 1087512,\n  arrayBuffers: 153670\n}",
        "description": "",
        "type": "log"
      },
      "body": {
        "pid": 71333,
        "tid": "Main Thread",
        "startTime": 7369047694306250
      },
      "additional": {
        "logType": "debug",
        "children": []
      }
    },
    {
      "head": {
        "id": "67f7bb7d-578b-4d0c-978a-735c721bddea",
        "name": "Executing task :entry:default@PreviewCompileResource",
        "description": "",
        "type": "log"
      },
      "body": {
        "pid": 71333,
        "tid": "Main Thread",
        "startTime": 7369047694359083
      },
      "additional": {
        "logType": "debug",
        "children": []
      }
    },
    {
      "head": {
        "id": "0d4c366d-25d2-4059-a288-7c4b748b18d8",
        "name": "Incremental task entry:default@PreviewCompileResource pre-execution cost: 3 ms .",
        "description": "",
        "type": "log"
      },
      "body": {
        "pid": 71333,
        "tid": "Main Thread",
        "startTime": 7369047697288666
      },
      "additional": {
        "logType": "debug",
        "children": []
      }
    },
    {
      "head": {
        "id": "da3c3ba1-43e3-44f4-bed4-c930b1a8110a",
        "name": "entry : default@PreviewCompileResource end {\n  rss: 311508992,\n  heapTotal: 111149056,\n  heapUsed: 97840616,\n  external: 1087512,\n  arrayBuffers: 153670\n}",
        "description": "",
        "type": "log"
      },
      "body": {
        "pid": 71333,
        "tid": "Main Thread",
        "startTime": 7369047697371416
      },
      "additional": {
        "logType": "debug",
        "children": []
      }
    },
    {
      "head": {
        "id": "7595c4de-60e1-4534-a4a2-6bb20a1c7924",
        "name": "UP-TO-DATE :entry:default@PreviewCompileResource",
        "description": "Use Preview to compile project resources in the stage model.",
        "type": "log"
      },
      "body": {
        "pid": 71333,
        "tid": "Main Thread",
        "startTime": 7369047694339041,
        "endTime": 7369047697415125
      },
      "additional": {
        "logType": "info",
        "children": [],
        "durationId": "2d3103b7-bb47-4d96-b616-2b2e1fefb35e"
      }
    },
    {
      "head": {
        "id": "b57e66e9-a654-4021-9300-31ef40d30433",
        "name": "entry:default@PreviewHookCompileResource",
        "description": "Add a hook task for compiling preview resources.",
        "type": "duration"
      },
      "body": {
        "pid": 71333,
        "tid": "Main Thread",
        "startTime": 7369047697993208,
        "endTime": 7369047698112208
      },
      "additional": {
        "children": [],
        "state": "success",
        "targetName": "default",
        "moduleName": "entry",
        "category": "Hook",
        "taskRunReasons": [],
        "detailId": "39ffd984-3ba9-4e22-92b3-1d8ccf8c4651",
        "logId": "7b580403-907c-45d3-b2c5-cac071793586"
      },
      "log": {
        "_logger": {
          "category": "DurationEvent",
          "context": {},
          "callStackSkipIndex": 0
        },
        "_filelogger": {
          "category": "debug-file",
          "context": {},
          "callStackSkipIndex": 0
        }
      }
    },
    {
      "head": {
        "id": "39ffd984-3ba9-4e22-92b3-1d8ccf8c4651",
        "name": "create entry:default@PreviewHookCompileResource task",
        "description": "",
        "type": "log"
      },
      "body": {
        "pid": 71333,
        "tid": "Main Thread",
        "startTime": 7369047697868958
      },
      "additional": {
        "logType": "detail",
        "children": [],
        "durationId": "b57e66e9-a654-4021-9300-31ef40d30433"
      }
    },
    {
      "head": {
        "id": "051b576b-f185-470d-a037-b3a139221d9c",
        "name": "entry : default@PreviewHookCompileResource start {\n  rss: 311656448,\n  heapTotal: 111149056,\n  heapUsed: 97992104,\n  external: 1087512,\n  arrayBuffers: 153670\n}",
        "description": "",
        "type": "log"
      },
      "body": {
        "pid": 71333,
        "tid": "Main Thread",
        "startTime": 7369047697959791
      },
      "additional": {
        "logType": "debug",
        "children": []
      }
    },
    {
      "head": {
        "id": "bca694cc-15dc-49d0-bf42-43dab9c7472c",
        "name": "Executing task :entry:default@PreviewHookCompileResource",
        "description": "",
        "type": "log"
      },
      "body": {
        "pid": 71333,
        "tid": "Main Thread",
        "startTime": 7369047697997041
      },
      "additional": {
        "logType": "debug",
        "children": []
      }
    },
    {
      "head": {
        "id": "a80cec5f-697d-4b23-bdf7-5a8ed1d5b1d9",
        "name": "entry : default@PreviewHookCompileResource end {\n  rss: 311689216,\n  heapTotal: 111149056,\n  heapUsed: 98018376,\n  external: 1087512,\n  arrayBuffers: 153670\n}",
        "description": "",
        "type": "log"
      },
      "body": {
        "pid": 71333,
        "tid": "Main Thread",
        "startTime": 7369047698055583
      },
      "additional": {
        "logType": "debug",
        "children": []
      }
    },
    {
      "head": {
        "id": "3666ed3b-c66b-450d-b2dd-a63729396960",
        "name": "runTaskFromQueue task cost before running: 75 ms ",
        "description": "",
        "type": "log"
      },
      "body": {
        "pid": 71333,
        "tid": "Main Thread",
        "startTime": 7369047698092541
      },
      "additional": {
        "logType": "debug",
        "children": []
      }
    },
    {
      "head": {
        "id": "7b580403-907c-45d3-b2c5-cac071793586",
        "name": "Finished :entry:default@PreviewHookCompileResource",
        "description": "Add a hook task for compiling preview resources.",
        "type": "log"
      },
      "body": {
        "pid": 71333,
        "tid": "Main Thread",
        "startTime": 7369047697993208,
        "endTime": 7369047698112208
      },
      "additional": {
        "logType": "info",
        "children": [],
        "durationId": "b57e66e9-a654-4021-9300-31ef40d30433"
      }
    },
    {
      "head": {
        "id": "b331bac9-0969-453e-94b9-34ac923ac76e",
        "name": "entry:default@CopyPreviewProfile",
        "description": "Copy preview profile.",
        "type": "duration"
      },
      "body": {
        "pid": 71333,
        "tid": "Main Thread",
        "startTime": 7369047699966166,
        "endTime": 7369047700715000
      },
      "additional": {
        "children": [],
        "state": "success",
        "targetName": "default",
        "moduleName": "entry",
        "category": "Other",
        "taskRunReasons": [],
        "detailId": "234a5730-2686-4068-8b60-30be19ad6105",
        "logId": "f7582a98-17e2-4a3e-8eeb-108e8e9b8bb0"
      },
      "log": {
        "_logger": {
          "category": "DurationEvent",
          "context": {},
          "callStackSkipIndex": 0
        },
        "_filelogger": {
          "category": "debug-file",
          "context": {},
          "callStackSkipIndex": 0
        }
      }
    },
    {
      "head": {
        "id": "234a5730-2686-4068-8b60-30be19ad6105",
        "name": "create entry:default@CopyPreviewProfile task",
        "description": "",
        "type": "log"
      },
      "body": {
        "pid": 71333,
        "tid": "Main Thread",
        "startTime": 7369047699584166
      },
      "additional": {
        "logType": "detail",
        "children": [],
        "durationId": "b331bac9-0969-453e-94b9-34ac923ac76e"
      }
    },
    {
      "head": {
        "id": "d8d5b0ab-945e-4cce-ad95-06f049174dd8",
        "name": "entry : default@CopyPreviewProfile start {\n  rss: 313409536,\n  heapTotal: 113246208,\n  heapUsed: 92537728,\n  external: 1087512,\n  arrayBuffers: 79942\n}",
        "description": "",
        "type": "log"
      },
      "body": {
        "pid": 71333,
        "tid": "Main Thread",
        "startTime": 7369047699916416
      },
      "additional": {
        "logType": "debug",
        "children": []
      }
    },
    {
      "head": {
        "id": "b2c8e019-e3d0-4f70-b5a9-0e836db6b1e4",
        "name": "Executing task :entry:default@CopyPreviewProfile",
        "description": "",
        "type": "log"
      },
      "body": {
        "pid": 71333,
        "tid": "Main Thread",
        "startTime": 7369047699971916
      },
      "additional": {
        "logType": "debug",
        "children": []
      }
    },
    {
      "head": {
        "id": "845b7afc-cc38-4541-bb72-db78fe3a3411",
        "name": "Incremental task entry:default@CopyPreviewProfile pre-execution cost: 1 ms .",
        "description": "",
        "type": "log"
      },
      "body": {
        "pid": 71333,
        "tid": "Main Thread",
        "startTime": 7369047700411666
      },
      "additional": {
        "logType": "debug",
        "children": []
      }
    },
    {
      "head": {
        "id": "24a52474-c1a9-4838-a970-2cea07c7c2de",
        "name": "entry : default@CopyPreviewProfile end {\n  rss: 313409536,\n  heapTotal: 113246208,\n  heapUsed: 92611624,\n  external: 1087512,\n  arrayBuffers: 79942\n}",
        "description": "",
        "type": "log"
      },
      "body": {
        "pid": 71333,
        "tid": "Main Thread",
        "startTime": 7369047700662708
      },
      "additional": {
        "logType": "debug",
        "children": []
      }
    },
    {
      "head": {
        "id": "f7582a98-17e2-4a3e-8eeb-108e8e9b8bb0",
        "name": "UP-TO-DATE :entry:default@CopyPreviewProfile",
        "description": "Copy preview profile.",
        "type": "log"
      },
      "body": {
        "pid": 71333,
        "tid": "Main Thread",
        "startTime": 7369047699966166,
        "endTime": 7369047700715000
      },
      "additional": {
        "logType": "info",
        "children": [],
        "durationId": "b331bac9-0969-453e-94b9-34ac923ac76e"
      }
    },
    {
      "head": {
        "id": "fae163b8-c7ac-4a19-986c-cf79834e6a82",
        "name": "entry:default@ReplacePreviewerPage",
        "description": "Accept previewer arguments, then use them to replace the ones in the page file.",
        "type": "duration"
      },
      "body": {
        "pid": 71333,
        "tid": "Main Thread",
        "startTime": 7369047701273500,
        "endTime": 7369047701545291
      },
      "additional": {
        "children": [],
        "state": "success",
        "targetName": "default",
        "moduleName": "entry",
        "category": "Other",
        "taskRunReasons": [],
        "detailId": "2b25b26f-060b-41d9-8699-d0f8e2c4bad4",
        "logId": "57b2adc8-f74b-476d-bb8e-b458263145ec"
      },
      "log": {
        "_logger": {
          "category": "DurationEvent",
          "context": {},
          "callStackSkipIndex": 0
        },
        "_filelogger": {
          "category": "debug-file",
          "context": {},
          "callStackSkipIndex": 0
        }
      }
    },
    {
      "head": {
        "id": "2b25b26f-060b-41d9-8699-d0f8e2c4bad4",
        "name": "create entry:default@ReplacePreviewerPage task",
        "description": "",
        "type": "log"
      },
      "body": {
        "pid": 71333,
        "tid": "Main Thread",
        "startTime": 7369047701086458
      },
      "additional": {
        "logType": "detail",
        "children": [],
        "durationId": "fae163b8-c7ac-4a19-986c-cf79834e6a82"
      }
    },
    {
      "head": {
        "id": "f7440d60-c8b6-4e14-93e9-0359316531ed",
        "name": "entry : default@ReplacePreviewerPage start {\n  rss: 313425920,\n  heapTotal: 113246208,\n  heapUsed: 93037920,\n  external: 1087512,\n  arrayBuffers: 79942\n}",
        "description": "",
        "type": "log"
      },
      "body": {
        "pid": 71333,
        "tid": "Main Thread",
        "startTime": 7369047701237458
      },
      "additional": {
        "logType": "debug",
        "children": []
      }
    },
    {
      "head": {
        "id": "fa19feaa-b548-4930-9020-4cc2ab968fc2",
        "name": "Executing task :entry:default@ReplacePreviewerPage",
        "description": "",
        "type": "log"
      },
      "body": {
        "pid": 71333,
        "tid": "Main Thread",
        "startTime": 7369047701276958
      },
      "additional": {
        "logType": "debug",
        "children": []
      }
    },
    {
      "head": {
        "id": "40cc109d-95a5-473e-a8b1-284875079bb3",
        "name": "entry : default@ReplacePreviewerPage end {\n  rss: 313425920,\n  heapTotal: 113246208,\n  heapUsed: 93086784,\n  external: 1021976,\n  arrayBuffers: 88134\n}",
        "description": "",
        "type": "log"
      },
      "body": {
        "pid": 71333,
        "tid": "Main Thread",
        "startTime": 7369047701487583
      },
      "additional": {
        "logType": "debug",
        "children": []
      }
    },
    {
      "head": {
        "id": "98891527-0c6b-4b03-887c-b5865649eda7",
        "name": "runTaskFromQueue task cost before running: 78 ms ",
        "description": "",
        "type": "log"
      },
      "body": {
        "pid": 71333,
        "tid": "Main Thread",
        "startTime": 7369047701524458
      },
      "additional": {
        "logType": "debug",
        "children": []
      }
    },
    {
      "head": {
        "id": "57b2adc8-f74b-476d-bb8e-b458263145ec",
        "name": "Finished :entry:default@ReplacePreviewerPage",
        "description": "Accept previewer arguments, then use them to replace the ones in the page file.",
        "type": "log"
      },
      "body": {
        "pid": 71333,
        "tid": "Main Thread",
        "startTime": 7369047701273500,
        "endTime": 7369047701545291
      },
      "additional": {
        "logType": "info",
        "children": [],
        "durationId": "fae163b8-c7ac-4a19-986c-cf79834e6a82"
      }
    },
    {
      "head": {
        "id": "59c0362c-2aa6-4a01-88bb-972cb5fe123f",
        "name": "entry:buildPreviewerResource",
        "description": "Build the preview resources.",
        "type": "duration"
      },
      "body": {
        "pid": 71333,
        "tid": "Main Thread",
        "startTime": 7369047701766791,
        "endTime": 7369047701840333
      },
      "additional": {
        "children": [],
        "state": "success",
        "targetName": "",
        "moduleName": "entry",
        "category": "Hook",
        "taskRunReasons": [],
        "detailId": "7791acb2-52fe-479e-a6c5-edd55a6a7f0e",
        "logId": "806c7b5f-97a6-4a8c-bcdd-572f315ce17d"
      },
      "log": {
        "_logger": {
          "category": "DurationEvent",
          "context": {},
          "callStackSkipIndex": 0
        },
        "_filelogger": {
          "category": "debug-file",
          "context": {},
          "callStackSkipIndex": 0
        }
      }
    },
    {
      "head": {
        "id": "7791acb2-52fe-479e-a6c5-edd55a6a7f0e",
        "name": "create entry:buildPreviewerResource task",
        "description": "",
        "type": "log"
      },
      "body": {
        "pid": 71333,
        "tid": "Main Thread",
        "startTime": 7369047701722708
      },
      "additional": {
        "logType": "detail",
        "children": [],
        "durationId": "59c0362c-2aa6-4a01-88bb-972cb5fe123f"
      }
    },
    {
      "head": {
        "id": "5ac17ab6-47eb-4500-9639-5086324f3f96",
        "name": "entry : buildPreviewerResource start {\n  rss: 313425920,\n  heapTotal: 113246208,\n  heapUsed: 93230952,\n  external: 1021976,\n  arrayBuffers: 88134\n}",
        "description": "",
        "type": "log"
      },
      "body": {
        "pid": 71333,
        "tid": "Main Thread",
        "startTime": 7369047701745125
      },
      "additional": {
        "logType": "debug",
        "children": []
      }
    },
    {
      "head": {
        "id": "d5b281cc-d9aa-45fc-ad98-70296e9b4f61",
        "name": "Executing task :entry:buildPreviewerResource",
        "description": "",
        "type": "log"
      },
      "body": {
        "pid": 71333,
        "tid": "Main Thread",
        "startTime": 7369047701769541
      },
      "additional": {
        "logType": "debug",
        "children": []
      }
    },
    {
      "head": {
        "id": "d5262380-02e6-4ac1-98d0-5211c484909b",
        "name": "entry : buildPreviewerResource end {\n  rss: 313425920,\n  heapTotal: 113246208,\n  heapUsed: 93255680,\n  external: 1021976,\n  arrayBuffers: 88134\n}",
        "description": "",
        "type": "log"
      },
      "body": {
        "pid": 71333,
        "tid": "Main Thread",
        "startTime": 7369047701796416
      },
      "additional": {
        "logType": "debug",
        "children": []
      }
    },
    {
      "head": {
        "id": "dc97a93d-0098-4762-94aa-09cb606062fd",
        "name": "runTaskFromQueue task cost before running: 78 ms ",
        "description": "",
        "type": "log"
      },
      "body": {
        "pid": 71333,
        "tid": "Main Thread",
        "startTime": 7369047701823541
      },
      "additional": {
        "logType": "debug",
        "children": []
      }
    },
    {
      "head": {
        "id": "806c7b5f-97a6-4a8c-bcdd-572f315ce17d",
        "name": "Finished :entry:buildPreviewerResource",
        "description": "Build the preview resources.",
        "type": "log"
      },
      "body": {
        "pid": 71333,
        "tid": "Main Thread",
        "startTime": 7369047701766791,
        "endTime": 7369047701840333
      },
      "additional": {
        "logType": "info",
        "children": [],
        "durationId": "59c0362c-2aa6-4a01-88bb-972cb5fe123f"
      }
    },
    {
      "head": {
        "id": "10e6d49a-1e30-4835-9367-a6ecf183ec8e",
        "name": "entry:default@PreviewUpdateAssets",
        "description": "Update main_pages.json and module.json before PreviewBuild.",
        "type": "duration"
      },
      "body": {
        "pid": 71333,
        "tid": "Main Thread",
        "startTime": 7369047702128375,
        "endTime": 7369047702767916
      },
      "additional": {
        "children": [],
        "state": "success",
        "targetName": "default",
        "moduleName": "entry",
        "category": "Config",
        "taskRunReasons": [],
        "detailId": "e92a00c1-7a49-4108-9319-be2cbc8ae174",
        "logId": "d60ca096-989d-4d53-ba53-963379f509bd"
      },
      "log": {
        "_logger": {
          "category": "DurationEvent",
          "context": {},
          "callStackSkipIndex": 0
        },
        "_filelogger": {
          "category": "debug-file",
          "context": {},
          "callStackSkipIndex": 0
        }
      }
    },
    {
      "head": {
        "id": "e92a00c1-7a49-4108-9319-be2cbc8ae174",
        "name": "create entry:default@PreviewUpdateAssets task",
        "description": "",
        "type": "log"
      },
      "body": {
        "pid": 71333,
        "tid": "Main Thread",
        "startTime": 7369047701995791
      },
      "additional": {
        "logType": "detail",
        "children": [],
        "durationId": "10e6d49a-1e30-4835-9367-a6ecf183ec8e"
      }
    },
    {
      "head": {
        "id": "aaa77d34-7dda-411f-895c-0918c5335780",
        "name": "entry : default@PreviewUpdateAssets start {\n  rss: 313425920,\n  heapTotal: 113246208,\n  heapUsed: 93452592,\n  external: 1021976,\n  arrayBuffers: 88134\n}",
        "description": "",
        "type": "log"
      },
      "body": {
        "pid": 71333,
        "tid": "Main Thread",
        "startTime": 7369047702106875
      },
      "additional": {
        "logType": "debug",
        "children": []
      }
    },
    {
      "head": {
        "id": "360047c6-01ec-425b-878b-c75b1c92546d",
        "name": "Executing task :entry:default@PreviewUpdateAssets",
        "description": "",
        "type": "log"
      },
      "body": {
        "pid": 71333,
        "tid": "Main Thread",
        "startTime": 7369047702131041
      },
      "additional": {
        "logType": "debug",
        "children": []
      }
    },
    {
      "head": {
        "id": "2354a966-55a1-46a0-9f06-cc2d863ef506",
        "name": "Incremental task entry:default@PreviewUpdateAssets pre-execution cost: 1 ms .",
        "description": "",
        "type": "log"
      },
      "body": {
        "pid": 71333,
        "tid": "Main Thread",
        "startTime": 7369047702708708
      },
      "additional": {
        "logType": "debug",
        "children": []
      }
    },
    {
      "head": {
        "id": "383cde7c-ce6c-4671-8083-8c2f6a985511",
        "name": "entry : default@PreviewUpdateAssets end {\n  rss: 313475072,\n  heapTotal: 113508352,\n  heapUsed: 93768928,\n  external: 1030168,\n  arrayBuffers: 96326\n}",
        "description": "",
        "type": "log"
      },
      "body": {
        "pid": 71333,
        "tid": "Main Thread",
        "startTime": 7369047702745541
      },
      "additional": {
        "logType": "debug",
        "children": []
      }
    },
    {
      "head": {
        "id": "d60ca096-989d-4d53-ba53-963379f509bd",
        "name": "UP-TO-DATE :entry:default@PreviewUpdateAssets",
        "description": "Update main_pages.json and module.json before PreviewBuild.",
        "type": "log"
      },
      "body": {
        "pid": 71333,
        "tid": "Main Thread",
        "startTime": 7369047702128375,
        "endTime": 7369047702767916
      },
      "additional": {
        "logType": "info",
        "children": [],
        "durationId": "10e6d49a-1e30-4835-9367-a6ecf183ec8e"
      }
    },
    {
      "head": {
        "id": "1b833d45-2201-4431-8800-fba17a7c1968",
        "name": "entry:default@PreviewArkTS",
        "description": "Compile ArkTS components on preview in the stage model.",
        "type": "duration"
      },
      "body": {
        "pid": 71333,
        "tid": "Main Thread",
        "startTime": 7369047704071416,
        "endTime": 7369052631252291
      },
      "additional": {
        "children": [
          "256a2b00-1726-4510-a3b1-7735aed2d71c"
        ],
        "state": "success",
        "targetName": "default",
        "moduleName": "entry",
        "category": "Generate",
        "taskRunReasons": [
          "The input file '/Users/jepson/Desktop/Harmony/projects/Part3Demo/entry/src/main/ets' has been changed."
        ],
        "detailId": "d1f6e8b3-9702-40fb-a7ce-f57803f71abe",
        "logId": "10847cc2-7b7b-4e23-a149-686d5d61f1be"
      },
      "log": {
        "_logger": {
          "category": "DurationEvent",
          "context": {},
          "callStackSkipIndex": 0
        },
        "_filelogger": {
          "category": "debug-file",
          "context": {},
          "callStackSkipIndex": 0
        }
      }
    },
    {
      "head": {
        "id": "d1f6e8b3-9702-40fb-a7ce-f57803f71abe",
        "name": "create entry:default@PreviewArkTS task",
        "description": "",
        "type": "log"
      },
      "body": {
        "pid": 71333,
        "tid": "Main Thread",
        "startTime": 7369047703015000
      },
      "additional": {
        "logType": "detail",
        "children": [],
        "durationId": "1b833d45-2201-4431-8800-fba17a7c1968"
      }
    },
    {
      "head": {
        "id": "0662083d-b718-4c6e-965b-c64e07b946ba",
        "name": "entry : default@PreviewArkTS start {\n  rss: 313475072,\n  heapTotal: 113508352,\n  heapUsed: 94142400,\n  external: 1038360,\n  arrayBuffers: 104518\n}",
        "description": "",
        "type": "log"
      },
      "body": {
        "pid": 71333,
        "tid": "Main Thread",
        "startTime": 7369047704039541
      },
      "additional": {
        "logType": "debug",
        "children": []
      }
    },
    {
      "head": {
        "id": "f9f0c4c2-7c6f-4cad-9ebd-f3e94ca619db",
        "name": "Executing task :entry:default@PreviewArkTS",
        "description": "",
        "type": "log"
      },
      "body": {
        "pid": 71333,
        "tid": "Main Thread",
        "startTime": 7369047704075291
      },
      "additional": {
        "logType": "debug",
        "children": []
      }
    },
    {
      "head": {
        "id": "1cff8688-561c-4357-a62f-513bf57d9b7e",
        "name": "Obfuscation config only effect in release mode.",
        "description": "",
        "type": "log"
      },
      "body": {
        "pid": 71333,
        "tid": "Main Thread",
        "startTime": 7369047704613666
      },
      "additional": {
        "logType": "debug",
        "children": []
      }
    },
    {
      "head": {
        "id": "273e4459-7164-4a89-b3c2-f5a2218aea96",
        "name": "entry:default@PreviewArkTS is not up-to-date, since the input file '/Users/jepson/Desktop/Harmony/projects/Part3Demo/entry/src/main/ets' has been changed.",
        "description": "",
        "type": "log"
      },
      "body": {
        "pid": 71333,
        "tid": "Main Thread",
        "startTime": 7369047706361541
      },
      "additional": {
        "logType": "debug",
        "children": []
      }
    },
    {
      "head": {
        "id": "97c6f879-195b-4b99-9e1f-f4cdb25346ce",
        "name": "Incremental task entry:default@PreviewArkTS pre-execution cost: 2 ms .",
        "description": "",
        "type": "log"
      },
      "body": {
        "pid": 71333,
        "tid": "Main Thread",
        "startTime": 7369047706400166
      },
      "additional": {
        "logType": "debug",
        "children": []
      }
    },
    {
      "head": {
        "id": "256a2b00-1726-4510-a3b1-7735aed2d71c",
        "name": "entry:default@PreviewArkTS",
        "description": "Compile ArkTS components on preview in the stage model.",
        "type": "duration"
      },
      "body": {
        "pid": 71333,
        "tid": "Worker2",
        "startTime": 7369047707589500,
        "endTime": 7369052630672750
      },
      "additional": {
        "children": [
          "87de8ea5-2c94-40a3-a356-087e27e04eae",
          "ac15f272-6e3f-4799-ad8d-df89e9501e12",
          "26e05460-1389-41f7-8940-19be0aedc233"
        ],
        "state": "success",
        "targetName": "default",
        "moduleName": "entry",
        "category": "",
        "taskRunReasons": [],
        "parent": "1b833d45-2201-4431-8800-fba17a7c1968",
        "logId": "1c3eadef-6a0b-40f8-a2f3-d0376ce9f69c"
      },
      "log": {
        "_logger": {
          "category": "DurationEvent",
          "context": {},
          "callStackSkipIndex": 0
        },
        "_filelogger": {
          "category": "debug-file",
          "context": {},
          "callStackSkipIndex": 0
        }
      }
    },
    {
      "head": {
        "id": "738bd6a0-db81-4f07-933a-b5a152a97974",
        "name": "entry : default@PreviewArkTS end {\n  rss: 313524224,\n  heapTotal: 113508352,\n  heapUsed: 94921448,\n  external: 1054744,\n  arrayBuffers: 120902\n}",
        "description": "",
        "type": "log"
      },
      "body": {
        "pid": 71333,
        "tid": "Main Thread",
        "startTime": 7369047707635166
      },
      "additional": {
        "logType": "debug",
        "children": []
      }
    },
    {
      "head": {
        "id": "fe010c34-0245-4fb5-a710-ee58a5b0be21",
        "name": "watch worker: send response to session manager. Response type: WatchStart",
        "description": "",
        "type": "log"
      },
      "body": {
        "pid": 71333,
        "tid": "Main Thread",
        "startTime": 7369048601295916
      },
      "additional": {
        "logType": "debug",
        "children": []
      }
    },
    {
      "head": {
        "id": "b64846fb-613d-4ea4-8c49-161d24eec60c",
        "name": "watch worker: send response to session manager. Response type: WatchResult",
        "description": "",
        "type": "log"
      },
      "body": {
        "pid": 71333,
        "tid": "Main Thread",
        "startTime": 7369052630301791
      },
      "additional": {
        "logType": "debug",
        "children": []
      }
    },
    {
      "head": {
        "id": "09945f6d-d8ee-4a99-84ab-8b9cd21da881",
        "name": "watch worker: send response to session manager. Response type: WatchResult",
        "description": "",
        "type": "log"
      },
      "body": {
        "pid": 71333,
        "tid": "Main Thread",
        "startTime": 7369052630461458
      },
      "additional": {
        "logType": "debug",
        "children": []
      }
    },
    {
      "head": {
        "id": "1c3eadef-6a0b-40f8-a2f3-d0376ce9f69c",
        "name": "entry:default@PreviewArkTS",
        "description": "",
        "type": "log"
      },
      "body": {
        "pid": 71333,
        "tid": "Worker2",
        "startTime": 7369047707589500,
        "endTime": 7369052630672750
      },
      "additional": {
        "logType": "info",
        "children": [
          "4b9f5cc9-a1e7-43a5-8f9d-a078172c00b4",
          "1683062f-7ff8-4d6e-91bc-21ac2ef57657",
          "e7610e68-d7f5-4b64-b98e-7c154511ecf7"
        ],
        "durationId": "256a2b00-1726-4510-a3b1-7735aed2d71c",
        "parent": "10847cc2-7b7b-4e23-a149-686d5d61f1be"
      }
    },
    {
      "head": {
        "id": "26e05460-1389-41f7-8940-19be0aedc233",
        "name": "compile ArkTS with rollup",
        "description": "",
        "type": "duration"
      },
      "body": {
        "pid": 71333,
        "tid": "Worker2",
        "startTime": 7369048593333250,
        "endTime": 7369052630205416
      },
      "additional": {
        "children": [],
        "state": "success",
        "totalTime": 0,
        "frequency": 0,
        "fromHook": false,
        "parent": "256a2b00-1726-4510-a3b1-7735aed2d71c",
        "logId": "e7610e68-d7f5-4b64-b98e-7c154511ecf7"
      },
      "log": {
        "_logger": {
          "category": "DurationEvent",
          "context": {},
          "callStackSkipIndex": 0
        },
        "_filelogger": {
          "category": "debug-file",
          "context": {},
          "callStackSkipIndex": 0
        }
      }
    },
    {
      "head": {
        "id": "4b9f5cc9-a1e7-43a5-8f9d-a078172c00b4",
        "name": "generate configuration information",
        "description": "",
        "type": "log"
      },
      "body": {
        "pid": 71333,
        "tid": "Main Thread",
        "startTime": 7369048160200750,
        "endTime": 7369048589086375
      },
      "additional": {
        "logType": "info",
        "children": [],
        "durationId": "87de8ea5-2c94-40a3-a356-087e27e04eae",
        "parent": "1c3eadef-6a0b-40f8-a2f3-d0376ce9f69c"
      }
    },
    {
      "head": {
        "id": "87de8ea5-2c94-40a3-a356-087e27e04eae",
        "name": "generate configuration information",
        "description": "",
        "type": "duration"
      },
      "body": {
        "pid": 71333,
        "tid": "Worker2",
        "startTime": 7369048160200750,
        "endTime": 7369048589086375
      },
      "additional": {
        "children": [],
        "state": "success",
        "totalTime": 0,
        "frequency": 0,
        "fromHook": false,
        "parent": "256a2b00-1726-4510-a3b1-7735aed2d71c",
        "logId": "4b9f5cc9-a1e7-43a5-8f9d-a078172c00b4"
      },
      "log": {
        "_logger": {
          "category": "DurationEvent",
          "context": {},
          "callStackSkipIndex": 0
        },
        "_filelogger": {
          "category": "debug-file",
          "context": {},
          "callStackSkipIndex": 0
        }
      }
    },
    {
      "head": {
        "id": "1683062f-7ff8-4d6e-91bc-21ac2ef57657",
        "name": "read build package cache",
        "description": "",
        "type": "log"
      },
      "body": {
        "pid": 71333,
        "tid": "Main Thread",
        "startTime": 7369048589179791,
        "endTime": 7369048593302333
      },
      "additional": {
        "logType": "info",
        "children": [],
        "durationId": "ac15f272-6e3f-4799-ad8d-df89e9501e12",
        "parent": "1c3eadef-6a0b-40f8-a2f3-d0376ce9f69c"
      }
    },
    {
      "head": {
        "id": "ac15f272-6e3f-4799-ad8d-df89e9501e12",
        "name": "read build package cache",
        "description": "",
        "type": "duration"
      },
      "body": {
        "pid": 71333,
        "tid": "Worker2",
        "startTime": 7369048589179791,
        "endTime": 7369048593302333
      },
      "additional": {
        "children": [],
        "state": "success",
        "totalTime": 0,
        "frequency": 0,
        "fromHook": false,
        "parent": "256a2b00-1726-4510-a3b1-7735aed2d71c",
        "logId": "1683062f-7ff8-4d6e-91bc-21ac2ef57657"
      },
      "log": {
        "_logger": {
          "category": "DurationEvent",
          "context": {},
          "callStackSkipIndex": 0
        },
        "_filelogger": {
          "category": "debug-file",
          "context": {},
          "callStackSkipIndex": 0
        }
      }
    },
    {
      "head": {
        "id": "e7610e68-d7f5-4b64-b98e-7c154511ecf7",
        "name": "compile ArkTS with rollup",
        "description": "",
        "type": "log"
      },
      "body": {
        "pid": 71333,
        "tid": "Main Thread",
        "startTime": 7369048593333250,
        "endTime": 7369052630205416
      },
      "additional": {
        "logType": "info",
        "children": [],
        "durationId": "26e05460-1389-41f7-8940-19be0aedc233",
        "parent": "1c3eadef-6a0b-40f8-a2f3-d0376ce9f69c"
      }
    },
    {
      "head": {
        "id": "26e05460-1389-41f7-8940-19be0aedc233",
        "name": "compile ArkTS with rollup",
        "description": "",
        "type": "duration"
      },
      "body": {
        "pid": 71333,
        "tid": "Worker2",
        "startTime": 7369048593333250,
        "endTime": 7369052630205416
      },
      "additional": {
        "children": [],
        "state": "success",
        "totalTime": 0,
        "frequency": 0,
        "fromHook": false,
        "parent": "256a2b00-1726-4510-a3b1-7735aed2d71c",
        "logId": "e7610e68-d7f5-4b64-b98e-7c154511ecf7"
      },
      "log": {
        "_logger": {
          "category": "DurationEvent",
          "context": {},
          "callStackSkipIndex": 0
        },
        "_filelogger": {
          "category": "debug-file",
          "context": {},
          "callStackSkipIndex": 0
        }
      }
    },
    {
      "head": {
        "id": "10847cc2-7b7b-4e23-a149-686d5d61f1be",
        "name": "Finished :entry:default@PreviewArkTS",
        "description": "Compile ArkTS components on preview in the stage model.",
        "type": "log"
      },
      "body": {
        "pid": 71333,
        "tid": "Main Thread",
        "startTime": 7369047704071416,
        "endTime": 7369052631252291
      },
      "additional": {
        "logType": "info",
        "children": [
          "1c3eadef-6a0b-40f8-a2f3-d0376ce9f69c"
        ],
        "durationId": "1b833d45-2201-4431-8800-fba17a7c1968"
      }
    },
    {
      "head": {
        "id": "a3546407-a38e-4a29-ae67-33d94992aa9b",
        "name": "entry:PreviewBuild",
        "description": "Build preview in the stage model.",
        "type": "duration"
      },
      "body": {
        "pid": 71333,
        "tid": "Main Thread",
        "startTime": 7369052632904666,
        "endTime": 7369052633011041
      },
      "additional": {
        "children": [],
        "state": "success",
        "targetName": "",
        "moduleName": "entry",
        "category": "Hook",
        "taskRunReasons": [],
        "detailId": "868c92b0-b1da-43b6-90e7-aaa71398415e",
        "logId": "c92a36b5-7ef7-4e47-97e8-1878f0430660"
      },
      "log": {
        "_logger": {
          "category": "DurationEvent",
          "context": {},
          "callStackSkipIndex": 0
        },
        "_filelogger": {
          "category": "debug-file",
          "context": {},
          "callStackSkipIndex": 0
        }
      }
    },
    {
      "head": {
        "id": "868c92b0-b1da-43b6-90e7-aaa71398415e",
        "name": "create entry:PreviewBuild task",
        "description": "",
        "type": "log"
      },
      "body": {
        "pid": 71333,
        "tid": "Main Thread",
        "startTime": 7369052632807333
      },
      "additional": {
        "logType": "detail",
        "children": [],
        "durationId": "a3546407-a38e-4a29-ae67-33d94992aa9b"
      }
    },
    {
      "head": {
        "id": "0622d9a1-670d-4b32-aaeb-3e00572d816a",
        "name": "entry : PreviewBuild start {\n  rss: 809992192,\n  heapTotal: 112197632,\n  heapUsed: 86294016,\n  external: 996901,\n  arrayBuffers: 63059\n}",
        "description": "",
        "type": "log"
      },
      "body": {
        "pid": 71333,
        "tid": "Main Thread",
        "startTime": 7369052632864041
      },
      "additional": {
        "logType": "debug",
        "children": []
      }
    },
    {
      "head": {
        "id": "fb1def10-d7c2-4d36-9026-ff1cefb2f0d4",
        "name": "Executing task :entry:PreviewBuild",
        "description": "",
        "type": "log"
      },
      "body": {
        "pid": 71333,
        "tid": "Main Thread",
        "startTime": 7369052632910208
      },
      "additional": {
        "logType": "debug",
        "children": []
      }
    },
    {
      "head": {
        "id": "17cded60-e660-4b6b-b030-c0a0997aecfd",
        "name": "entry : PreviewBuild end {\n  rss: 809992192,\n  heapTotal: 112197632,\n  heapUsed: 86318392,\n  external: 996901,\n  arrayBuffers: 63059\n}",
        "description": "",
        "type": "log"
      },
      "body": {
        "pid": 71333,
        "tid": "Main Thread",
        "startTime": 7369052632955333
      },
      "additional": {
        "logType": "debug",
        "children": []
      }
    },
    {
      "head": {
        "id": "c018ecd9-1d33-40fc-ae0c-52adf2ee4671",
        "name": "runTaskFromQueue task cost before running: 5 s 10 ms ",
        "description": "",
        "type": "log"
      },
      "body": {
        "pid": 71333,
        "tid": "Main Thread",
        "startTime": 7369052632990041
      },
      "additional": {
        "logType": "debug",
        "children": []
      }
    },
    {
      "head": {
        "id": "c92a36b5-7ef7-4e47-97e8-1878f0430660",
        "name": "Finished :entry:PreviewBuild",
        "description": "Build preview in the stage model.",
        "type": "log"
      },
      "body": {
        "pid": 71333,
        "tid": "Main Thread",
        "startTime": 7369052632904666,
        "endTime": 7369052633011041
      },
      "additional": {
        "logType": "info",
        "children": [],
        "durationId": "a3546407-a38e-4a29-ae67-33d94992aa9b"
      }
    },
    {
      "head": {
        "id": "dae16452-9911-44da-a4f5-a1833dd69817",
        "name": "BUILD SUCCESSFUL in 5 s 10 ms ",
        "description": "",
        "type": "log"
      },
      "body": {
        "pid": 71333,
        "tid": "Main Thread",
        "startTime": 7369052633195625
      },
      "additional": {
        "logType": "info",
        "children": []
      }
    },
    {
      "head": {
        "id": "36f68d62-e9e4-4d40-bbc9-fd48d994244f",
        "name": "PreviewBuild",
        "description": "",
        "type": "mark"
      },
      "body": {
        "pid": 71333,
        "tid": "Main Thread",
        "startTime": 7369047623825750,
        "endTime": 7369052633335125
      },
      "additional": {
        "time": {
          "year": 2024,
          "month": 4,
          "day": 29,
          "hour": 18,
          "minute": 13
        },
        "completeCommand": "{\"mode\":\"module\",\"completeCommand\":\"--mode module -p module=entry@default -p product=default -p pageType=page -p compileResInc=true -p previewMode=true -p buildRoot=.preview PreviewBuild --watch --analyze --parallel --incremental --daemon\",\"watch\":true,\"parallel\":true,\"prop\":[\"module=entry@default\",\"product=default\",\"pageType=page\",\"compileResInc=true\",\"previewMode=true\",\"buildRoot=.preview\"],\"analyze\":true,\"incremental\":true,\"_\":[\"PreviewBuild\"],\"daemon\":true};--mode module -p module=entry@default -p product=default -p pageType=page -p compileResInc=true -p previewMode=true -p buildRoot=.preview PreviewBuild --watch --analyze --parallel --incremental --daemon",
        "hvigorVersion": "4.0.2",
        "markType": "history",
        "category": "build",
        "state": "success"
      }
    },
    {
      "head": {
        "id": "58ae833e-17e1-4764-9da7-54617e10d837",
        "name": "There is no need to refresh cache, since the incremental task entry:default@PreBuild is up-to-date.",
        "description": "",
        "type": "log"
      },
      "body": {
        "pid": 71333,
        "tid": "Main Thread",
        "startTime": 7369052633410458
      },
      "additional": {
        "logType": "debug",
        "children": []
      }
    },
    {
      "head": {
        "id": "97d6335b-a942-4cd3-a4d8-787440dfa41f",
        "name": "There is no need to refresh cache, since the incremental task entry:default@CreateBuildProfile is up-to-date.",
        "description": "",
        "type": "log"
      },
      "body": {
        "pid": 71333,
        "tid": "Main Thread",
        "startTime": 7369052633435583
      },
      "additional": {
        "logType": "debug",
        "children": []
      }
    },
    {
      "head": {
        "id": "149942b5-a4d3-4f69-8e15-81675853f225",
        "name": "There is no need to refresh cache, since the incremental task entry:default@GenerateLoaderJson is up-to-date.",
        "description": "",
        "type": "log"
      },
      "body": {
        "pid": 71333,
        "tid": "Main Thread",
        "startTime": 7369052633479708
      },
      "additional": {
        "logType": "debug",
        "children": []
      }
    },
    {
      "head": {
        "id": "78b7b08b-c1d3-4c8c-ac6e-e8f73045326e",
        "name": "There is no need to refresh cache, since the incremental task entry:default@MergeProfile is up-to-date.",
        "description": "",
        "type": "log"
      },
      "body": {
        "pid": 71333,
        "tid": "Main Thread",
        "startTime": 7369052633500416
      },
      "additional": {
        "logType": "debug",
        "children": []
      }
    },
    {
      "head": {
        "id": "182c8536-2cbf-476a-b343-83ef4f2c4ff7",
        "name": "There is no need to refresh cache, since the incremental task entry:default@ProcessProfile is up-to-date.",
        "description": "",
        "type": "log"
      },
      "body": {
        "pid": 71333,
        "tid": "Main Thread",
        "startTime": 7369052633520958
      },
      "additional": {
        "logType": "debug",
        "children": []
      }
    },
    {
      "head": {
        "id": "3c5b5a23-1b91-4692-87e9-39b74a719785",
        "name": "There is no need to refresh cache, since the incremental task entry:default@PreviewCompileResource is up-to-date.",
        "description": "",
        "type": "log"
      },
      "body": {
        "pid": 71333,
        "tid": "Main Thread",
        "startTime": 7369052633539833
      },
      "additional": {
        "logType": "debug",
        "children": []
      }
    },
    {
      "head": {
        "id": "4f822a5f-ae57-4647-8426-40a916d88245",
        "name": "There is no need to refresh cache, since the incremental task entry:default@CopyPreviewProfile is up-to-date.",
        "description": "",
        "type": "log"
      },
      "body": {
        "pid": 71333,
        "tid": "Main Thread",
        "startTime": 7369052633558375
      },
      "additional": {
        "logType": "debug",
        "children": []
      }
    },
    {
      "head": {
        "id": "9889ce4c-3c5e-48c7-a48d-802f60821bb0",
        "name": "There is no need to refresh cache, since the incremental task entry:default@PreviewUpdateAssets is up-to-date.",
        "description": "",
        "type": "log"
      },
      "body": {
        "pid": 71333,
        "tid": "Main Thread",
        "startTime": 7369052633578083
      },
      "additional": {
        "logType": "debug",
        "children": []
      }
    },
    {
      "head": {
        "id": "a5d57810-ef0d-4227-9ca1-617d05d86126",
        "name": "Update task entry:default@PreviewArkTS input file:/Users/jepson/Desktop/Harmony/projects/Part3Demo/entry/.preview/default/intermediates/loader/default cache by regenerate.",
        "description": "",
        "type": "log"
      },
      "body": {
        "pid": 71333,
        "tid": "Main Thread",
        "startTime": 7369052634357166
      },
      "additional": {
        "logType": "debug",
        "children": []
      }
    },
    {
      "head": {
        "id": "653c128b-19b4-4be1-9b84-56a4c1a8e6ba",
        "name": "Update task entry:default@PreviewArkTS input file:/Users/jepson/Desktop/Harmony/projects/Part3Demo/entry/.preview/default/intermediates/res/default/ResourceTable.txt cache by regenerate.",
        "description": "",
        "type": "log"
      },
      "body": {
        "pid": 71333,
        "tid": "Main Thread",
        "startTime": 7369052634576041
      },
      "additional": {
        "logType": "debug",
        "children": []
      }
    },
    {
      "head": {
        "id": "6db8ac07-c6a7-4625-b7f0-0a6e94520283",
        "name": "Update task entry:default@PreviewArkTS input file:/Users/jepson/Desktop/Harmony/projects/Part3Demo/entry/.preview/default/intermediates/res/default/module.json cache by regenerate.",
        "description": "",
        "type": "log"
      },
      "body": {
        "pid": 71333,
        "tid": "Main Thread",
        "startTime": 7369052634622250
      },
      "additional": {
        "logType": "debug",
        "children": []
      }
    },
    {
      "head": {
        "id": "5b119e75-46f2-4fb5-9d3e-2f8c1805fb15",
        "name": "Update task entry:default@PreviewArkTS input file:/Users/jepson/Desktop/Harmony/projects/Part3Demo/entry/.preview/default/intermediates/res/default/resources/base/profile cache by regenerate.",
        "description": "",
        "type": "log"
      },
      "body": {
        "pid": 71333,
        "tid": "Main Thread",
        "startTime": 7369052634662333
      },
      "additional": {
        "logType": "debug",
        "children": []
      }
    },
    {
      "head": {
        "id": "a294b322-120d-4693-b969-5a857d2454c8",
        "name": "Update task entry:default@PreviewArkTS input file:/Users/jepson/Desktop/Harmony/projects/Part3Demo/entry/src/main/ets cache from map.",
        "description": "",
        "type": "log"
      },
      "body": {
        "pid": 71333,
        "tid": "Main Thread",
        "startTime": 7369052634752458
      },
      "additional": {
        "logType": "debug",
        "children": []
      }
    },
    {
      "head": {
        "id": "7056db73-6d31-4fff-ac9b-a7d158cddf00",
        "name": "Update task entry:default@PreviewArkTS input file:/Users/jepson/Desktop/Harmony/projects/Part3Demo/entry/.preview/default/generated/profile/default/BuildProfile.ets cache by regenerate.",
        "description": "",
        "type": "log"
      },
      "body": {
        "pid": 71333,
        "tid": "Main Thread",
        "startTime": 7369052634774375
      },
      "additional": {
        "logType": "debug",
        "children": []
      }
    },
    {
      "head": {
        "id": "c41d14db-cff6-4641-aa37-71210c32e5ac",
        "name": "Update task entry:default@PreviewArkTS output file:/Users/jepson/Desktop/Harmony/projects/Part3Demo/entry/.preview/default/intermediates/loader_out/default/ets cache.",
        "description": "",
        "type": "log"
      },
      "body": {
        "pid": 71333,
        "tid": "Main Thread",
        "startTime": 7369052634844458
      },
      "additional": {
        "logType": "debug",
        "children": []
      }
    },
    {
      "head": {
        "id": "2cf54eca-19ac-4f30-b123-a02f91707d8b",
        "name": "Incremental task entry:default@PreviewArkTS post-execution cost:2 ms .",
        "description": "",
        "type": "log"
      },
      "body": {
        "pid": 71333,
        "tid": "Main Thread",
        "startTime": 7369052635017750
      },
      "additional": {
        "logType": "debug",
        "children": []
      }
    }
  ],
  "workLog": []
}