{
  "version": "2.0",
  "events": [
    {
      "head": {
        "id": "4a7d7d41-7f49-41c7-b537-89f9572484c3",
        "name": "watch worker: worker id should be larger than 0. Nothing will be sent to any worker thread.",
        "description": "",
        "type": "log"
      },
      "body": {
        "pid": 71333,
        "tid": "Main Thread",
        "startTime": 7368984646435208
      },
      "additional": {
        "logType": "debug",
        "children": []
      }
    },
    {
      "head": {
        "id": "9ca11a51-afbb-41bf-84ad-c553a81cc2f1",
        "name": "init",
        "description": "Initialize and build task graph.",
        "type": "duration"
      },
      "body": {
        "pid": 71333,
        "tid": "Main Thread",
        "startTime": 7368984649385333,
        "endTime": 7368985519146916
      },
      "additional": {
        "children": [],
        "state": "success",
        "targetName": "",
        "moduleName": "",
        "category": "Init",
        "taskRunReasons": [],
        "logId": "6ade9610-8b1d-4dd4-85cc-6868b447f87d"
      },
      "log": {
        "_logger": {
          "category": "DurationEvent",
          "context": {},
          "callStackSkipIndex": 0
        },
        "_filelogger": {
          "category": "debug-file",
          "context": {},
          "callStackSkipIndex": 0
        }
      }
    },
    {
      "head": {
        "id": "52c4a74f-015a-4c47-b12c-af1100f31b1b",
        "name": "Hvigor init with startParameters:{\n  hvigorfileTypeCheck: false,\n  parallelExecution: true,\n  incrementalExecution: true,\n  printStackTrace: false,\n  daemon: true,\n  analyze: 0,\n  logLevel: Level { level: 20000, levelStr: 'INFO', colour: 'green' },\n  enableSignTask: true,\n  skipNativeIncremental: false,\n  poolMaxCoreSize: undefined,\n  poolCacheCapacity: undefined,\n  poolCacheTtl: undefined\n}",
        "description": "",
        "type": "log"
      },
      "body": {
        "pid": 71333,
        "tid": "Main Thread",
        "startTime": 7368984651011916
      },
      "additional": {
        "logType": "debug",
        "children": []
      }
    },
    {
      "head": {
        "id": "1f930922-6bc0-4102-b87c-831000f03520",
        "name": "Cache service initialization finished in 4 ms ",
        "description": "",
        "type": "log"
      },
      "body": {
        "pid": 71333,
        "tid": "Main Thread",
        "startTime": 7368984654675041
      },
      "additional": {
        "logType": "debug",
        "children": []
      }
    },
    {
      "head": {
        "id": "4bc5cd58-8972-4c45-8148-e6cd064abcb0",
        "name": "Since there is no instance or instance is terminated, create a new worker pool.",
        "description": "",
        "type": "log"
      },
      "body": {
        "pid": 71333,
        "tid": "Main Thread",
        "startTime": 7368984655271000
      },
      "additional": {
        "logType": "debug",
        "children": []
      }
    },
    {
      "head": {
        "id": "52aee3d5-89be-4aa5-843a-b37da7276e6b",
        "name": "Worker pool is initialized with config:  {\n  minPoolNum: 2,\n  maxCoreSize: undefined,\n  cacheCapacity: undefined,\n  cacheTtl: undefined\n}",
        "description": "",
        "type": "log"
      },
      "body": {
        "pid": 71333,
        "tid": "Main Thread",
        "startTime": 7368984655439458
      },
      "additional": {
        "logType": "debug",
        "children": []
      }
    },
    {
      "head": {
        "id": "9007246b-0b89-4a4c-8c92-51e2609b45e0",
        "name": "Create  resident worker with id: 0.",
        "description": "",
        "type": "log"
      },
      "body": {
        "pid": 71333,
        "tid": "Main Thread",
        "startTime": 7368984655919125
      },
      "additional": {
        "logType": "debug",
        "children": []
      }
    },
    {
      "head": {
        "id": "8e16f066-6b4c-46b2-987e-5a98a8aa3f2e",
        "name": "Create  resident worker with id: 1.",
        "description": "",
        "type": "log"
      },
      "body": {
        "pid": 71333,
        "tid": "Main Thread",
        "startTime": 7368984656995625
      },
      "additional": {
        "logType": "debug",
        "children": []
      }
    },
    {
      "head": {
        "id": "d6459d5f-0a57-4f17-b795-cb72e1a8046c",
        "name": "hvigorfile, resolving /Users/jepson/Desktop/Harmony/projects/Part3Demo/hvigorfile.ts",
        "description": "",
        "type": "log"
      },
      "body": {
        "pid": 71333,
        "tid": "Main Thread",
        "startTime": 7368984658486791
      },
      "additional": {
        "logType": "debug",
        "children": []
      }
    },
    {
      "head": {
        "id": "101c19b0-4af0-4447-95ab-84a48d1a4c8d",
        "name": "hvigorfile, require result:  { default: { system: [Function: appTasks], plugins: [] } }",
        "description": "",
        "type": "log"
      },
      "body": {
        "pid": 71333,
        "tid": "Main Thread",
        "startTime": 7368985325165625
      },
      "additional": {
        "logType": "debug",
        "children": []
      }
    },
    {
      "head": {
        "id": "57622942-39cb-4751-b6e2-962e9df44688",
        "name": "hvigorfile, binding system plugins [Function: appTasks]",
        "description": "",
        "type": "log"
      },
      "body": {
        "pid": 71333,
        "tid": "Main Thread",
        "startTime": 7368985325328541
      },
      "additional": {
        "logType": "debug",
        "children": []
      }
    },
    {
      "head": {
        "id": "ad6a4b25-f92e-4e1c-bbc3-bbbd253a9126",
        "name": "hvigorfile, binding custom plugins []",
        "description": "",
        "type": "log"
      },
      "body": {
        "pid": 71333,
        "tid": "Main Thread",
        "startTime": 7368985420262916
      },
      "additional": {
        "logType": "debug",
        "children": []
      }
    },
    {
      "head": {
        "id": "1479566e-deec-4e13-acb2-4da141c0285e",
        "name": "hvigorfile, no custom plugins were found in /Users/jepson/Desktop/Harmony/projects/Part3Demo/hvigorfile.ts",
        "description": "",
        "type": "log"
      },
      "body": {
        "pid": 71333,
        "tid": "Main Thread",
        "startTime": 7368985420347916
      },
      "additional": {
        "logType": "debug",
        "children": []
      }
    },
    {
      "head": {
        "id": "8f3f34da-f17b-4e80-87c8-4778ba0e86ee",
        "name": "hvigorfile, resolve finished /Users/jepson/Desktop/Harmony/projects/Part3Demo/hvigorfile.ts",
        "description": "",
        "type": "log"
      },
      "body": {
        "pid": 71333,
        "tid": "Main Thread",
        "startTime": 7368985420375958
      },
      "additional": {
        "logType": "debug",
        "children": []
      }
    },
    {
      "head": {
        "id": "eca37f04-4671-483e-aa24-fcd6802d0146",
        "name": "hvigorfile, resolving /Users/jepson/Desktop/Harmony/projects/Part3Demo/entry/hvigorfile.ts",
        "description": "",
        "type": "log"
      },
      "body": {
        "pid": 71333,
        "tid": "Main Thread",
        "startTime": 7368985420838833
      },
      "additional": {
        "logType": "debug",
        "children": []
      }
    },
    {
      "head": {
        "id": "6dc199b1-a2b4-4b13-a12c-2e0ae6ac35b6",
        "name": "hvigorfile, require result:  { default: { system: [Function: hapTasks], plugins: [] } }",
        "description": "",
        "type": "log"
      },
      "body": {
        "pid": 71333,
        "tid": "Main Thread",
        "startTime": 7368985425128083
      },
      "additional": {
        "logType": "debug",
        "children": []
      }
    },
    {
      "head": {
        "id": "3f35577e-f35a-4658-b676-1b2e14cb927d",
        "name": "hvigorfile, binding system plugins [Function: hapTasks]",
        "description": "",
        "type": "log"
      },
      "body": {
        "pid": 71333,
        "tid": "Main Thread",
        "startTime": 7368985425214375
      },
      "additional": {
        "logType": "debug",
        "children": []
      }
    },
    {
      "head": {
        "id": "06538240-b312-49bb-9ebe-cb64b11ac563",
        "name": "Module entry Collected Dependency: ",
        "description": "",
        "type": "log"
      },
      "body": {
        "pid": 71333,
        "tid": "Main Thread",
        "startTime": 7368985428648041
      },
      "additional": {
        "logType": "debug",
        "children": []
      }
    },
    {
      "head": {
        "id": "1ae9579f-14ce-4be4-81e5-10ad255f13b2",
        "name": "Module entry's total dependency: 0",
        "description": "",
        "type": "log"
      },
      "body": {
        "pid": 71333,
        "tid": "Main Thread",
        "startTime": 7368985428788333
      },
      "additional": {
        "logType": "debug",
        "children": []
      }
    },
    {
      "head": {
        "id": "cc43ba41-c36d-4a57-a55d-8d5b15c70b5f",
        "name": "Start initialize module-target build option map, moduleName=entry, buildMode=debug",
        "description": "",
        "type": "log"
      },
      "body": {
        "pid": 71333,
        "tid": "Main Thread",
        "startTime": 7368985430550000
      },
      "additional": {
        "logType": "debug",
        "children": []
      }
    },
    {
      "head": {
        "id": "81d2d95e-9805-4d5c-8d9e-288ab1310c89",
        "name": "Target 'default' config: {}",
        "description": "",
        "type": "log"
      },
      "body": {
        "pid": 71333,
        "tid": "Main Thread",
        "startTime": 7368985430654041
      },
      "additional": {
        "logType": "debug",
        "children": []
      }
    },
    {
      "head": {
        "id": "6b15e48a-8f03-4ea6-9176-26f741b65f30",
        "name": "Target 'ohosTest' config: {}",
        "description": "",
        "type": "log"
      },
      "body": {
        "pid": 71333,
        "tid": "Main Thread",
        "startTime": 7368985430905625
      },
      "additional": {
        "logType": "debug",
        "children": []
      }
    },
    {
      "head": {
        "id": "c7bb0d70-d05e-4f97-b070-917fc951701e",
        "name": "Module 'entry' target 'default' build option: {\n  \"debuggable\": true,\n  \"copyFrom\": \"default\",\n  \"name\": \"debug\"\n}",
        "description": "",
        "type": "log"
      },
      "body": {
        "pid": 71333,
        "tid": "Main Thread",
        "startTime": 7368985431074291
      },
      "additional": {
        "logType": "debug",
        "children": []
      }
    },
    {
      "head": {
        "id": "b9d9ee45-e25f-4893-add8-76c6641cc60d",
        "name": "Module 'entry' target 'ohosTest' build option: {\n  \"debuggable\": true,\n  \"name\": \"default\"\n}",
        "description": "",
        "type": "log"
      },
      "body": {
        "pid": 71333,
        "tid": "Main Thread",
        "startTime": 7368985431102333
      },
      "additional": {
        "logType": "debug",
        "children": []
      }
    },
    {
      "head": {
        "id": "f9caa544-29ee-4592-bdea-c12b0d51a091",
        "name": "End initialize module-target build option map, moduleName=entry",
        "description": "",
        "type": "log"
      },
      "body": {
        "pid": 71333,
        "tid": "Main Thread",
        "startTime": 7368985431122458
      },
      "additional": {
        "logType": "debug",
        "children": []
      }
    },
    {
      "head": {
        "id": "b412800d-c37d-4790-8cb5-cfb314123807",
        "name": "Module 'entry' target 'default' using build option: {\n  \"debuggable\": true,\n  \"copyFrom\": \"default\",\n  \"name\": \"debug\"\n} in this build.",
        "description": "",
        "type": "log"
      },
      "body": {
        "pid": 71333,
        "tid": "Main Thread",
        "startTime": 7368985431235875
      },
      "additional": {
        "logType": "debug",
        "children": []
      }
    },
    {
      "head": {
        "id": "76e96a66-25f5-4454-b2d6-49b20ac3b907",
        "name": "require SDK: toolchains,ArkTS; moduleName=entry",
        "description": "",
        "type": "log"
      },
      "body": {
        "pid": 71333,
        "tid": "Main Thread",
        "startTime": 7368985431917375
      },
      "additional": {
        "logType": "debug",
        "children": []
      }
    },
    {
      "head": {
        "id": "ddfe4254-1da7-4d07-a1a8-bbc78e363dbf",
        "name": "Module entry task initialization takes 3 ms ",
        "description": "",
        "type": "log"
      },
      "body": {
        "pid": 71333,
        "tid": "Main Thread",
        "startTime": 7368985434906833
      },
      "additional": {
        "logType": "debug",
        "children": []
      }
    },
    {
      "head": {
        "id": "88a0698f-6836-42ca-b461-71f64432695a",
        "name": "hvigorfile, binding custom plugins []",
        "description": "",
        "type": "log"
      },
      "body": {
        "pid": 71333,
        "tid": "Main Thread",
        "startTime": 7368985435006541
      },
      "additional": {
        "logType": "debug",
        "children": []
      }
    },
    {
      "head": {
        "id": "c3a78e0c-a02e-496a-b2d6-35bcb86adcd0",
        "name": "hvigorfile, no custom plugins were found in /Users/jepson/Desktop/Harmony/projects/Part3Demo/entry/hvigorfile.ts",
        "description": "",
        "type": "log"
      },
      "body": {
        "pid": 71333,
        "tid": "Main Thread",
        "startTime": 7368985435035250
      },
      "additional": {
        "logType": "debug",
        "children": []
      }
    },
    {
      "head": {
        "id": "e543f9c9-f346-47c9-86a0-fca58c6843f4",
        "name": "hvigorfile, resolve finished /Users/jepson/Desktop/Harmony/projects/Part3Demo/entry/hvigorfile.ts",
        "description": "",
        "type": "log"
      },
      "body": {
        "pid": 71333,
        "tid": "Main Thread",
        "startTime": 7368985435057958
      },
      "additional": {
        "logType": "debug",
        "children": []
      }
    },
    {
      "head": {
        "id": "2df680a9-92bb-49f8-bdc9-39e196f812b8",
        "name": "hvigorfile, resolve hvigorfile dependencies in 41 ms ",
        "description": "",
        "type": "log"
      },
      "body": {
        "pid": 71333,
        "tid": "Main Thread",
        "startTime": 7368985475429208
      },
      "additional": {
        "logType": "debug",
        "children": []
      }
    },
    {
      "head": {
        "id": "87df9596-e5a5-4715-8976-a258513981c1",
        "name": "Start initialize project's product build option map with build mode debug.",
        "description": "",
        "type": "log"
      },
      "body": {
        "pid": 71333,
        "tid": "Main Thread",
        "startTime": 7368985475995458
      },
      "additional": {
        "logType": "debug",
        "children": []
      }
    },
    {
      "head": {
        "id": "fa3ae488-ca2b-418f-a9a0-4fd6c9121782",
        "name": "Picking option from product 'default' with build mode 'debug'.",
        "description": "",
        "type": "log"
      },
      "body": {
        "pid": 71333,
        "tid": "Main Thread",
        "startTime": 7368985476066166
      },
      "additional": {
        "logType": "debug",
        "children": []
      }
    },
    {
      "head": {
        "id": "efcf4d2b-04c8-405e-bbeb-52cc39aca6bf",
        "name": "Product 'default' build option: {}",
        "description": "",
        "type": "log"
      },
      "body": {
        "pid": 71333,
        "tid": "Main Thread",
        "startTime": 7368985476107125
      },
      "additional": {
        "logType": "debug",
        "children": []
      }
    },
    {
      "head": {
        "id": "e84768bc-8fdc-41ec-9b70-85070381bcfd",
        "name": "End initialize project's product build option map with build mode 'debug'.",
        "description": "",
        "type": "log"
      },
      "body": {
        "pid": 71333,
        "tid": "Main Thread",
        "startTime": 7368985476128750
      },
      "additional": {
        "logType": "debug",
        "children": []
      }
    },
    {
      "head": {
        "id": "fd3509ad-5d49-47e8-b26b-9a8b89dae7f3",
        "name": "Module Part3Demo Collected Dependency: ",
        "description": "",
        "type": "log"
      },
      "body": {
        "pid": 71333,
        "tid": "Main Thread",
        "startTime": 7368985476324583
      },
      "additional": {
        "logType": "debug",
        "children": []
      }
    },
    {
      "head": {
        "id": "5b154477-90dc-410c-9b7b-0361cb3ff197",
        "name": "Module Part3Demo's total dependency: 0",
        "description": "",
        "type": "log"
      },
      "body": {
        "pid": 71333,
        "tid": "Main Thread",
        "startTime": 7368985476347458
      },
      "additional": {
        "logType": "debug",
        "children": []
      }
    },
    {
      "head": {
        "id": "30071858-f0f9-443e-bd22-cdbd383a7325",
        "name": "Product 'default' using build option: {\n  \"debuggable\": true\n} in this build.",
        "description": "",
        "type": "log"
      },
      "body": {
        "pid": 71333,
        "tid": "Main Thread",
        "startTime": 7368985476826166
      },
      "additional": {
        "logType": "debug",
        "children": []
      }
    },
    {
      "head": {
        "id": "769b6c0b-be73-478f-ba4d-df40456c132a",
        "name": "harmonyOS sdk scan",
        "description": "HarmonyOS sdk scan",
        "type": "duration"
      },
      "body": {
        "pid": 71333,
        "tid": "Main Thread",
        "startTime": 7368985479276416,
        "endTime": 7368985496237125
      },
      "additional": {
        "children": [],
        "state": "success",
        "targetName": "",
        "moduleName": "",
        "category": "Other",
        "taskRunReasons": []
      },
      "log": {
        "_logger": {
          "category": "DurationEvent",
          "context": {},
          "callStackSkipIndex": 0
        },
        "_filelogger": {
          "category": "debug-file",
          "context": {},
          "callStackSkipIndex": 0
        }
      }
    },
    {
      "head": {
        "id": "5029990f-6db0-49a8-9e99-50302c779dab",
        "name": "Local scan or download HarmonyOS sdk components toolchains",
        "description": "",
        "type": "log"
      },
      "body": {
        "pid": 71333,
        "tid": "Main Thread",
        "startTime": 7368985479364208
      },
      "additional": {
        "logType": "debug",
        "children": []
      }
    },
    {
      "head": {
        "id": "2ee5e5b5-1f9e-4d97-9e0e-d66bac67d71a",
        "name": "Component System-image-phone Developer Preview1 has been placed in the wrong place,\n             expect /Users/jepson/Documents/harmony_env/sdk/system-image/HarmonyOS-NEXT-DP1/phone_arm, actual /Users/jepson/Documents/harmony_env/sdk/system-image/HarmonyOS-NEXT-DP1/phone_arm",
        "description": "",
        "type": "log"
      },
      "body": {
        "pid": 71333,
        "tid": "Main Thread",
        "startTime": 7368985495829791
      },
      "additional": {
        "logType": "debug",
        "children": []
      }
    },
    {
      "head": {
        "id": "b2c60480-a7a9-4bc2-9d92-329ea2a21b8e",
        "name": "hmscore sdk scan",
        "description": "Hmscore sdk scan",
        "type": "duration"
      },
      "body": {
        "pid": 71333,
        "tid": "Main Thread",
        "startTime": 7368985496596958,
        "endTime": 7368985509434583
      },
      "additional": {
        "children": [],
        "state": "success",
        "targetName": "",
        "moduleName": "",
        "category": "Other",
        "taskRunReasons": []
      },
      "log": {
        "_logger": {
          "category": "DurationEvent",
          "context": {},
          "callStackSkipIndex": 0
        },
        "_filelogger": {
          "category": "debug-file",
          "context": {},
          "callStackSkipIndex": 0
        }
      }
    },
    {
      "head": {
        "id": "eb58942f-d0a4-4136-b40b-e95742f11c6f",
        "name": "Local scan or download hmscore sdk components toolchains",
        "description": "",
        "type": "log"
      },
      "body": {
        "pid": 71333,
        "tid": "Main Thread",
        "startTime": 7368985496681041
      },
      "additional": {
        "logType": "debug",
        "children": []
      }
    },
    {
      "head": {
        "id": "873e7647-8929-49f3-82bf-ae67e86b40f4",
        "name": "Component System-image-phone Developer Preview1 has been placed in the wrong place,\n             expect /Users/jepson/Documents/harmony_env/sdk/system-image/HarmonyOS-NEXT-DP1/phone_arm, actual /Users/jepson/Documents/harmony_env/sdk/system-image/HarmonyOS-NEXT-DP1/phone_arm",
        "description": "",
        "type": "log"
      },
      "body": {
        "pid": 71333,
        "tid": "Main Thread",
        "startTime": 7368985509179083
      },
      "additional": {
        "logType": "debug",
        "children": []
      }
    },
    {
      "head": {
        "id": "4cac9a8a-6d83-4326-8045-6274162b100b",
        "name": "Sdk init in 32 ms ",
        "description": "",
        "type": "log"
      },
      "body": {
        "pid": 71333,
        "tid": "Main Thread",
        "startTime": 7368985509945041
      },
      "additional": {
        "logType": "debug",
        "children": []
      }
    },
    {
      "head": {
        "id": "3a3bb82d-46ab-4b59-ba12-0ecd93bb64e4",
        "name": "sdkVersion",
        "description": "4.1.0.52",
        "type": "mark"
      },
      "body": {
        "pid": 71333,
        "tid": "Main Thread",
        "startTime": 7368985510018750
      },
      "additional": {
        "time": {
          "year": 2024,
          "month": 4,
          "day": 29,
          "hour": 18,
          "minute": 11
        },
        "markType": "other"
      }
    },
    {
      "head": {
        "id": "051fe0e2-d79a-4750-ba1c-33ca53f66313",
        "name": "Project task initialization takes 6 ms ",
        "description": "",
        "type": "log"
      },
      "body": {
        "pid": 71333,
        "tid": "Main Thread",
        "startTime": 7368985515729875
      },
      "additional": {
        "logType": "debug",
        "children": []
      }
    },
    {
      "head": {
        "id": "1a33e3e0-36fd-494d-96e2-22b39575a484",
        "name": "Sdk init in 1 ms ",
        "description": "",
        "type": "log"
      },
      "body": {
        "pid": 71333,
        "tid": "Main Thread",
        "startTime": 7368985516652625
      },
      "additional": {
        "logType": "debug",
        "children": []
      }
    },
    {
      "head": {
        "id": "c0be3932-2a15-4292-ba53-f6330be2cea1",
        "name": "project has submodules:entry",
        "description": "",
        "type": "log"
      },
      "body": {
        "pid": 71333,
        "tid": "Main Thread",
        "startTime": 7368985518081041
      },
      "additional": {
        "logType": "debug",
        "children": []
      }
    },
    {
      "head": {
        "id": "e0f30e22-e1c3-48a6-8d58-e823a832b46b",
        "name": "Configuration phase cost:864 ms ",
        "description": "",
        "type": "log"
      },
      "body": {
        "pid": 71333,
        "tid": "Main Thread",
        "startTime": 7368985518466166
      },
      "additional": {
        "logType": "debug",
        "children": []
      }
    },
    {
      "head": {
        "id": "6ade9610-8b1d-4dd4-85cc-6868b447f87d",
        "name": "init",
        "description": "",
        "type": "log"
      },
      "body": {
        "pid": 71333,
        "tid": "Main Thread",
        "startTime": 7368984649385333,
        "endTime": 7368985519146916
      },
      "additional": {
        "logType": "info",
        "children": [],
        "durationId": "9ca11a51-afbb-41bf-84ad-c553a81cc2f1"
      }
    },
    {
      "head": {
        "id": "fad19477-3f71-4ec2-9398-fb2efa031bd7",
        "name": "Configuration task cost before running: 871 ms ",
        "description": "",
        "type": "log"
      },
      "body": {
        "pid": 71333,
        "tid": "Main Thread",
        "startTime": 7368985519414125
      },
      "additional": {
        "logType": "debug",
        "children": []
      }
    },
    {
      "head": {
        "id": "2ce26eb7-ed88-48c1-93e0-8784bae3e209",
        "name": "Task '' not found in root project 'Part3Demo'. Invalid command to execute the build task, please verify the parameters in the command and try again.",
        "description": "",
        "type": "log"
      },
      "body": {
        "pid": 71333,
        "tid": "Main Thread",
        "startTime": 7368985519645083
      },
      "additional": {
        "logType": "error",
        "children": []
      }
    },
    {
      "head": {
        "id": "6855313a-1d29-4e6c-8821-c6b35086e79e",
        "name": "* Try the following:\n> Run 'hvigorw --help' to learn more about hvigor command.\n> Run 'hvigorw tasks' to get a list of available tasks.\n> Run the command with '--info' or '--debug' option to get more log output.\n",
        "description": "",
        "type": "log"
      },
      "body": {
        "pid": 71333,
        "tid": "Main Thread",
        "startTime": 7368985519705416
      },
      "additional": {
        "logType": "info",
        "children": []
      }
    },
    {
      "head": {
        "id": "2d191805-f398-4bd1-96d8-ff997d024345",
        "name": "BUILD FAILED in 871 ms ",
        "description": "",
        "type": "log"
      },
      "body": {
        "pid": 71333,
        "tid": "Main Thread",
        "startTime": 7368985519743250
      },
      "additional": {
        "logType": "error",
        "children": []
      }
    },
    {
      "head": {
        "id": "02a550f0-6480-4a3c-b8a2-3333748683c0",
        "name": "",
        "description": "",
        "type": "mark"
      },
      "body": {
        "pid": 71333,
        "tid": "Main Thread",
        "startTime": 7368984649185500,
        "endTime": 7368985519869875
      },
      "additional": {
        "time": {
          "year": 2024,
          "month": 4,
          "day": 29,
          "hour": 18,
          "minute": 11
        },
        "completeCommand": "{\"prop\":[],\"analyze\":true,\"parallel\":true,\"incremental\":true,\"daemon\":true,\"_\":[]};",
        "hvigorVersion": "4.0.2",
        "markType": "history",
        "category": "build",
        "state": "failed"
      }
    }
  ],
  "workLog": []
}