{
  "version": "2.0",
  "events": [
    {
      "head": {
        "id": "a2c04b67-bee7-4941-99fa-217e2cbe9e98",
        "name": "watch worker: worker id should be larger than 0. Nothing will be sent to any worker thread.",
        "description": "",
        "type": "log"
      },
      "body": {
        "pid": 91883,
        "tid": "Main Thread",
        "startTime": 7356356680014958
      },
      "additional": {
        "logType": "debug",
        "children": []
      }
    },
    {
      "head": {
        "id": "b944c18a-936a-4d21-8754-57b1a3307759",
        "name": "init",
        "description": "Initialize and build task graph.",
        "type": "duration"
      },
      "body": {
        "pid": 91883,
        "tid": "Main Thread",
        "startTime": 7356356683034833,
        "endTime": 7356357547224666
      },
      "additional": {
        "children": [],
        "state": "success",
        "targetName": "",
        "moduleName": "",
        "category": "Init",
        "taskRunReasons": [],
        "logId": "d38d7bc2-e832-44d8-a0fa-e09df36f7b69"
      },
      "log": {
        "_logger": {
          "category": "DurationEvent",
          "context": {},
          "callStackSkipIndex": 0
        },
        "_filelogger": {
          "category": "debug-file",
          "context": {},
          "callStackSkipIndex": 0
        }
      }
    },
    {
      "head": {
        "id": "6d8f9214-d626-42e3-92a3-adee624d37f5",
        "name": "Hvigor init with startParameters:{\n  hvigorfileTypeCheck: false,\n  parallelExecution: true,\n  incrementalExecution: true,\n  printStackTrace: false,\n  daemon: true,\n  analyze: 0,\n  logLevel: Level { level: 20000, levelStr: 'INFO', colour: 'green' },\n  enableSignTask: true,\n  skipNativeIncremental: false,\n  poolMaxCoreSize: undefined,\n  poolCacheCapacity: undefined,\n  poolCacheTtl: undefined\n}",
        "description": "",
        "type": "log"
      },
      "body": {
        "pid": 91883,
        "tid": "Main Thread",
        "startTime": 7356356684553958
      },
      "additional": {
        "logType": "debug",
        "children": []
      }
    },
    {
      "head": {
        "id": "7bc4d571-e5dc-4785-8b87-46d102cba34d",
        "name": "Cache service initialization finished in 3 ms ",
        "description": "",
        "type": "log"
      },
      "body": {
        "pid": 91883,
        "tid": "Main Thread",
        "startTime": 7356356687760583
      },
      "additional": {
        "logType": "debug",
        "children": []
      }
    },
    {
      "head": {
        "id": "173be004-db2f-42cc-b4ea-46cf513fcf9b",
        "name": "Since there is no instance or instance is terminated, create a new worker pool.",
        "description": "",
        "type": "log"
      },
      "body": {
        "pid": 91883,
        "tid": "Main Thread",
        "startTime": 7356356688212666
      },
      "additional": {
        "logType": "debug",
        "children": []
      }
    },
    {
      "head": {
        "id": "def60e6d-0a42-424c-badf-e8edeb1665fb",
        "name": "Worker pool is initialized with config:  {\n  minPoolNum: 2,\n  maxCoreSize: undefined,\n  cacheCapacity: undefined,\n  cacheTtl: undefined\n}",
        "description": "",
        "type": "log"
      },
      "body": {
        "pid": 91883,
        "tid": "Main Thread",
        "startTime": 7356356688371833
      },
      "additional": {
        "logType": "debug",
        "children": []
      }
    },
    {
      "head": {
        "id": "6cc59a9b-d344-4098-a69c-31f7f4c56d58",
        "name": "Create  resident worker with id: 0.",
        "description": "",
        "type": "log"
      },
      "body": {
        "pid": 91883,
        "tid": "Main Thread",
        "startTime": 7356356688911666
      },
      "additional": {
        "logType": "debug",
        "children": []
      }
    },
    {
      "head": {
        "id": "c8c29d7e-5e80-4c24-bc47-757afa270fe7",
        "name": "Create  resident worker with id: 1.",
        "description": "",
        "type": "log"
      },
      "body": {
        "pid": 91883,
        "tid": "Main Thread",
        "startTime": 7356356689996458
      },
      "additional": {
        "logType": "debug",
        "children": []
      }
    },
    {
      "head": {
        "id": "a7d52e8f-bda5-4077-80f3-73c541a8a4e2",
        "name": "hvigorfile, resolving /Users/jepson/Desktop/Harmony/projects/Part3Demo/hvigorfile.ts",
        "description": "",
        "type": "log"
      },
      "body": {
        "pid": 91883,
        "tid": "Main Thread",
        "startTime": 7356356691770791
      },
      "additional": {
        "logType": "debug",
        "children": []
      }
    },
    {
      "head": {
        "id": "7a89dbec-f032-460b-b1db-07bbb0d1e239",
        "name": "hvigorfile, require result:  { default: { system: [Function: appTasks], plugins: [] } }",
        "description": "",
        "type": "log"
      },
      "body": {
        "pid": 91883,
        "tid": "Main Thread",
        "startTime": 7356357358427333
      },
      "additional": {
        "logType": "debug",
        "children": []
      }
    },
    {
      "head": {
        "id": "1b5569d6-0a86-4542-96fc-f0685a0ed943",
        "name": "hvigorfile, binding system plugins [Function: appTasks]",
        "description": "",
        "type": "log"
      },
      "body": {
        "pid": 91883,
        "tid": "Main Thread",
        "startTime": 7356357358604500
      },
      "additional": {
        "logType": "debug",
        "children": []
      }
    },
    {
      "head": {
        "id": "757903de-3aa6-445a-b52a-cd58b95d2f47",
        "name": "hvigorfile, binding custom plugins []",
        "description": "",
        "type": "log"
      },
      "body": {
        "pid": 91883,
        "tid": "Main Thread",
        "startTime": 7356357448214958
      },
      "additional": {
        "logType": "debug",
        "children": []
      }
    },
    {
      "head": {
        "id": "e9e60835-46be-4820-9514-822de458be81",
        "name": "hvigorfile, no custom plugins were found in /Users/jepson/Desktop/Harmony/projects/Part3Demo/hvigorfile.ts",
        "description": "",
        "type": "log"
      },
      "body": {
        "pid": 91883,
        "tid": "Main Thread",
        "startTime": 7356357448297541
      },
      "additional": {
        "logType": "debug",
        "children": []
      }
    },
    {
      "head": {
        "id": "a2272faf-1b5e-48ed-833a-3444c4adf228",
        "name": "hvigorfile, resolve finished /Users/jepson/Desktop/Harmony/projects/Part3Demo/hvigorfile.ts",
        "description": "",
        "type": "log"
      },
      "body": {
        "pid": 91883,
        "tid": "Main Thread",
        "startTime": 7356357448330041
      },
      "additional": {
        "logType": "debug",
        "children": []
      }
    },
    {
      "head": {
        "id": "6fbd76b7-9a51-4a6b-9705-c201999056c8",
        "name": "hvigorfile, resolving /Users/jepson/Desktop/Harmony/projects/Part3Demo/entry/hvigorfile.ts",
        "description": "",
        "type": "log"
      },
      "body": {
        "pid": 91883,
        "tid": "Main Thread",
        "startTime": 7356357448814958
      },
      "additional": {
        "logType": "debug",
        "children": []
      }
    },
    {
      "head": {
        "id": "ee3f6bb4-5536-48f5-9b15-286c66f8efb0",
        "name": "hvigorfile, require result:  { default: { system: [Function: hapTasks], plugins: [] } }",
        "description": "",
        "type": "log"
      },
      "body": {
        "pid": 91883,
        "tid": "Main Thread",
        "startTime": 7356357452454875
      },
      "additional": {
        "logType": "debug",
        "children": []
      }
    },
    {
      "head": {
        "id": "2c77b397-2e0f-4809-81a8-164381484822",
        "name": "hvigorfile, binding system plugins [Function: hapTasks]",
        "description": "",
        "type": "log"
      },
      "body": {
        "pid": 91883,
        "tid": "Main Thread",
        "startTime": 7356357452594375
      },
      "additional": {
        "logType": "debug",
        "children": []
      }
    },
    {
      "head": {
        "id": "f5b16d57-9e9d-4518-8d8b-da6bae05e8ef",
        "name": "Module entry Collected Dependency: ",
        "description": "",
        "type": "log"
      },
      "body": {
        "pid": 91883,
        "tid": "Main Thread",
        "startTime": 7356357456371250
      },
      "additional": {
        "logType": "debug",
        "children": []
      }
    },
    {
      "head": {
        "id": "9483f575-2018-4e86-a54b-1fbfc9e3f3b4",
        "name": "Module entry's total dependency: 0",
        "description": "",
        "type": "log"
      },
      "body": {
        "pid": 91883,
        "tid": "Main Thread",
        "startTime": 7356357456549583
      },
      "additional": {
        "logType": "debug",
        "children": []
      }
    },
    {
      "head": {
        "id": "c49a55dc-64ec-40a4-af59-fee1733fafdb",
        "name": "Start initialize module-target build option map, moduleName=entry, buildMode=debug",
        "description": "",
        "type": "log"
      },
      "body": {
        "pid": 91883,
        "tid": "Main Thread",
        "startTime": 7356357458947083
      },
      "additional": {
        "logType": "debug",
        "children": []
      }
    },
    {
      "head": {
        "id": "2f257530-fc99-4c9e-bbfe-4c47f3868dc4",
        "name": "Target 'default' config: {}",
        "description": "",
        "type": "log"
      },
      "body": {
        "pid": 91883,
        "tid": "Main Thread",
        "startTime": 7356357459145625
      },
      "additional": {
        "logType": "debug",
        "children": []
      }
    },
    {
      "head": {
        "id": "5e4bf038-f1c1-45a5-88a3-67e72e07eb3e",
        "name": "Target 'ohosTest' config: {}",
        "description": "",
        "type": "log"
      },
      "body": {
        "pid": 91883,
        "tid": "Main Thread",
        "startTime": 7356357459397666
      },
      "additional": {
        "logType": "debug",
        "children": []
      }
    },
    {
      "head": {
        "id": "f85a0c67-7bd1-4d8f-8413-85acf4f0a0fa",
        "name": "Module 'entry' target 'default' build option: {\n  \"debuggable\": true,\n  \"copyFrom\": \"default\",\n  \"name\": \"debug\"\n}",
        "description": "",
        "type": "log"
      },
      "body": {
        "pid": 91883,
        "tid": "Main Thread",
        "startTime": 7356357459569125
      },
      "additional": {
        "logType": "debug",
        "children": []
      }
    },
    {
      "head": {
        "id": "e7d47987-87eb-4320-872f-a07157fbf6f1",
        "name": "Module 'entry' target 'ohosTest' build option: {\n  \"debuggable\": true,\n  \"name\": \"default\"\n}",
        "description": "",
        "type": "log"
      },
      "body": {
        "pid": 91883,
        "tid": "Main Thread",
        "startTime": 7356357459597833
      },
      "additional": {
        "logType": "debug",
        "children": []
      }
    },
    {
      "head": {
        "id": "21ac3994-ad19-4358-aa76-f1e947d73bfc",
        "name": "End initialize module-target build option map, moduleName=entry",
        "description": "",
        "type": "log"
      },
      "body": {
        "pid": 91883,
        "tid": "Main Thread",
        "startTime": 7356357459617875
      },
      "additional": {
        "logType": "debug",
        "children": []
      }
    },
    {
      "head": {
        "id": "d6c2055a-5612-4174-9d4a-9464d63a5dca",
        "name": "Module 'entry' target 'default' using build option: {\n  \"debuggable\": true,\n  \"copyFrom\": \"default\",\n  \"name\": \"debug\"\n} in this build.",
        "description": "",
        "type": "log"
      },
      "body": {
        "pid": 91883,
        "tid": "Main Thread",
        "startTime": 7356357459713250
      },
      "additional": {
        "logType": "debug",
        "children": []
      }
    },
    {
      "head": {
        "id": "8d643ab1-c8da-4063-aa0e-d8f3af0bba31",
        "name": "require SDK: toolchains,ArkTS; moduleName=entry",
        "description": "",
        "type": "log"
      },
      "body": {
        "pid": 91883,
        "tid": "Main Thread",
        "startTime": 7356357460397708
      },
      "additional": {
        "logType": "debug",
        "children": []
      }
    },
    {
      "head": {
        "id": "b1a4a061-5823-4018-ad06-c259377e4423",
        "name": "Module entry task initialization takes 3 ms ",
        "description": "",
        "type": "log"
      },
      "body": {
        "pid": 91883,
        "tid": "Main Thread",
        "startTime": 7356357463277166
      },
      "additional": {
        "logType": "debug",
        "children": []
      }
    },
    {
      "head": {
        "id": "77e57002-748a-4179-9450-be4dd4aa1f6b",
        "name": "hvigorfile, binding custom plugins []",
        "description": "",
        "type": "log"
      },
      "body": {
        "pid": 91883,
        "tid": "Main Thread",
        "startTime": 7356357463340125
      },
      "additional": {
        "logType": "debug",
        "children": []
      }
    },
    {
      "head": {
        "id": "d18bead1-549c-461e-b150-85d072a429ab",
        "name": "hvigorfile, no custom plugins were found in /Users/jepson/Desktop/Harmony/projects/Part3Demo/entry/hvigorfile.ts",
        "description": "",
        "type": "log"
      },
      "body": {
        "pid": 91883,
        "tid": "Main Thread",
        "startTime": 7356357463366875
      },
      "additional": {
        "logType": "debug",
        "children": []
      }
    },
    {
      "head": {
        "id": "d5a44e6f-0677-4e1e-88d4-b9c61b0646c6",
        "name": "hvigorfile, resolve finished /Users/jepson/Desktop/Harmony/projects/Part3Demo/entry/hvigorfile.ts",
        "description": "",
        "type": "log"
      },
      "body": {
        "pid": 91883,
        "tid": "Main Thread",
        "startTime": 7356357463388166
      },
      "additional": {
        "logType": "debug",
        "children": []
      }
    },
    {
      "head": {
        "id": "305c8cb1-cf86-4ba1-bc94-ce435fb3c31e",
        "name": "hvigorfile, resolve hvigorfile dependencies in 40 ms ",
        "description": "",
        "type": "log"
      },
      "body": {
        "pid": 91883,
        "tid": "Main Thread",
        "startTime": 7356357503127791
      },
      "additional": {
        "logType": "debug",
        "children": []
      }
    },
    {
      "head": {
        "id": "c5dce3b0-d3e5-4750-a027-13fd69380f95",
        "name": "Start initialize project's product build option map with build mode debug.",
        "description": "",
        "type": "log"
      },
      "body": {
        "pid": 91883,
        "tid": "Main Thread",
        "startTime": 7356357503648666
      },
      "additional": {
        "logType": "debug",
        "children": []
      }
    },
    {
      "head": {
        "id": "a58b44cf-7b82-4125-b986-a0e7ceb3e2bf",
        "name": "Picking option from product 'default' with build mode 'debug'.",
        "description": "",
        "type": "log"
      },
      "body": {
        "pid": 91883,
        "tid": "Main Thread",
        "startTime": 7356357503711125
      },
      "additional": {
        "logType": "debug",
        "children": []
      }
    },
    {
      "head": {
        "id": "0f6b8b08-2d21-43ce-8639-41365cbcfce9",
        "name": "Product 'default' build option: {}",
        "description": "",
        "type": "log"
      },
      "body": {
        "pid": 91883,
        "tid": "Main Thread",
        "startTime": 7356357503750833
      },
      "additional": {
        "logType": "debug",
        "children": []
      }
    },
    {
      "head": {
        "id": "8b28c095-bf1f-459d-a5dc-a57ee31664e3",
        "name": "End initialize project's product build option map with build mode 'debug'.",
        "description": "",
        "type": "log"
      },
      "body": {
        "pid": 91883,
        "tid": "Main Thread",
        "startTime": 7356357503771625
      },
      "additional": {
        "logType": "debug",
        "children": []
      }
    },
    {
      "head": {
        "id": "819f5f45-4862-436d-8213-6b835a1b9fdd",
        "name": "Module Part3Demo Collected Dependency: ",
        "description": "",
        "type": "log"
      },
      "body": {
        "pid": 91883,
        "tid": "Main Thread",
        "startTime": 7356357503940541
      },
      "additional": {
        "logType": "debug",
        "children": []
      }
    },
    {
      "head": {
        "id": "7ca54aab-a7e9-49e9-9150-f2a56f414def",
        "name": "Module Part3Demo's total dependency: 0",
        "description": "",
        "type": "log"
      },
      "body": {
        "pid": 91883,
        "tid": "Main Thread",
        "startTime": 7356357503962500
      },
      "additional": {
        "logType": "debug",
        "children": []
      }
    },
    {
      "head": {
        "id": "b3b1c1d5-549b-4838-a50b-7f45ab4585c4",
        "name": "Product 'default' using build option: {\n  \"debuggable\": true\n} in this build.",
        "description": "",
        "type": "log"
      },
      "body": {
        "pid": 91883,
        "tid": "Main Thread",
        "startTime": 7356357504378166
      },
      "additional": {
        "logType": "debug",
        "children": []
      }
    },
    {
      "head": {
        "id": "d4b8768b-a63c-46af-8875-609e5cfe5534",
        "name": "harmonyOS sdk scan",
        "description": "HarmonyOS sdk scan",
        "type": "duration"
      },
      "body": {
        "pid": 91883,
        "tid": "Main Thread",
        "startTime": 7356357507179541,
        "endTime": 7356357523804083
      },
      "additional": {
        "children": [],
        "state": "success",
        "targetName": "",
        "moduleName": "",
        "category": "Other",
        "taskRunReasons": []
      },
      "log": {
        "_logger": {
          "category": "DurationEvent",
          "context": {},
          "callStackSkipIndex": 0
        },
        "_filelogger": {
          "category": "debug-file",
          "context": {},
          "callStackSkipIndex": 0
        }
      }
    },
    {
      "head": {
        "id": "ce500e45-32bb-4c74-ae41-1a1e6c6edcc0",
        "name": "Local scan or download HarmonyOS sdk components toolchains",
        "description": "",
        "type": "log"
      },
      "body": {
        "pid": 91883,
        "tid": "Main Thread",
        "startTime": 7356357507256166
      },
      "additional": {
        "logType": "debug",
        "children": []
      }
    },
    {
      "head": {
        "id": "71e46cbc-a4cb-417e-97cc-0c71a0dd9800",
        "name": "Component System-image-phone Developer Preview1 has been placed in the wrong place,\n             expect /Users/jepson/Documents/harmony_env/sdk/system-image/HarmonyOS-NEXT-DP1/phone_arm, actual /Users/jepson/Documents/harmony_env/sdk/system-image/HarmonyOS-NEXT-DP1/phone_arm",
        "description": "",
        "type": "log"
      },
      "body": {
        "pid": 91883,
        "tid": "Main Thread",
        "startTime": 7356357523456750
      },
      "additional": {
        "logType": "debug",
        "children": []
      }
    },
    {
      "head": {
        "id": "7413360b-df3f-47bd-b081-ce4886689130",
        "name": "hmscore sdk scan",
        "description": "Hmscore sdk scan",
        "type": "duration"
      },
      "body": {
        "pid": 91883,
        "tid": "Main Thread",
        "startTime": 7356357524131125,
        "endTime": 7356357537634375
      },
      "additional": {
        "children": [],
        "state": "success",
        "targetName": "",
        "moduleName": "",
        "category": "Other",
        "taskRunReasons": []
      },
      "log": {
        "_logger": {
          "category": "DurationEvent",
          "context": {},
          "callStackSkipIndex": 0
        },
        "_filelogger": {
          "category": "debug-file",
          "context": {},
          "callStackSkipIndex": 0
        }
      }
    },
    {
      "head": {
        "id": "25d9bad4-e7f0-42a9-8515-7a8a359c817f",
        "name": "Local scan or download hmscore sdk components toolchains",
        "description": "",
        "type": "log"
      },
      "body": {
        "pid": 91883,
        "tid": "Main Thread",
        "startTime": 7356357524269000
      },
      "additional": {
        "logType": "debug",
        "children": []
      }
    },
    {
      "head": {
        "id": "a9d88af6-247b-4cab-8f96-f5d4c709614e",
        "name": "Component System-image-phone Developer Preview1 has been placed in the wrong place,\n             expect /Users/jepson/Documents/harmony_env/sdk/system-image/HarmonyOS-NEXT-DP1/phone_arm, actual /Users/jepson/Documents/harmony_env/sdk/system-image/HarmonyOS-NEXT-DP1/phone_arm",
        "description": "",
        "type": "log"
      },
      "body": {
        "pid": 91883,
        "tid": "Main Thread",
        "startTime": 7356357537340166
      },
      "additional": {
        "logType": "debug",
        "children": []
      }
    },
    {
      "head": {
        "id": "029b4c42-844e-4d79-82be-ff0359b549e1",
        "name": "Sdk init in 33 ms ",
        "description": "",
        "type": "log"
      },
      "body": {
        "pid": 91883,
        "tid": "Main Thread",
        "startTime": 7356357538196375
      },
      "additional": {
        "logType": "debug",
        "children": []
      }
    },
    {
      "head": {
        "id": "b1695bf7-975b-4474-b921-6a850269a90e",
        "name": "sdkVersion",
        "description": "4.1.0.52",
        "type": "mark"
      },
      "body": {
        "pid": 91883,
        "tid": "Main Thread",
        "startTime": 7356357538282750
      },
      "additional": {
        "time": {
          "year": 2024,
          "month": 4,
          "day": 29,
          "hour": 14,
          "minute": 41
        },
        "markType": "other"
      }
    },
    {
      "head": {
        "id": "0ba1e8a9-380f-478f-b6a7-2a5014792b9a",
        "name": "Project task initialization takes 6 ms ",
        "description": "",
        "type": "log"
      },
      "body": {
        "pid": 91883,
        "tid": "Main Thread",
        "startTime": 7356357543952875
      },
      "additional": {
        "logType": "debug",
        "children": []
      }
    },
    {
      "head": {
        "id": "dab12132-dfb2-4540-b4bf-8a49a4c57766",
        "name": "Sdk init in 1 ms ",
        "description": "",
        "type": "log"
      },
      "body": {
        "pid": 91883,
        "tid": "Main Thread",
        "startTime": 7356357544831416
      },
      "additional": {
        "logType": "debug",
        "children": []
      }
    },
    {
      "head": {
        "id": "6cd832cf-d5e3-467a-bce8-3c0e38f2ab9a",
        "name": "project has submodules:entry",
        "description": "",
        "type": "log"
      },
      "body": {
        "pid": 91883,
        "tid": "Main Thread",
        "startTime": 7356357546133458
      },
      "additional": {
        "logType": "debug",
        "children": []
      }
    },
    {
      "head": {
        "id": "d1c72c94-7211-4ce9-a977-7bc4a2cc2551",
        "name": "Configuration phase cost:859 ms ",
        "description": "",
        "type": "log"
      },
      "body": {
        "pid": 91883,
        "tid": "Main Thread",
        "startTime": 7356357546489833
      },
      "additional": {
        "logType": "debug",
        "children": []
      }
    },
    {
      "head": {
        "id": "d38d7bc2-e832-44d8-a0fa-e09df36f7b69",
        "name": "init",
        "description": "",
        "type": "log"
      },
      "body": {
        "pid": 91883,
        "tid": "Main Thread",
        "startTime": 7356356683034833,
        "endTime": 7356357547224666
      },
      "additional": {
        "logType": "info",
        "children": [],
        "durationId": "b944c18a-936a-4d21-8754-57b1a3307759"
      }
    },
    {
      "head": {
        "id": "465b573d-ef80-4276-8717-554e7c533cb8",
        "name": "Configuration task cost before running: 865 ms ",
        "description": "",
        "type": "log"
      },
      "body": {
        "pid": 91883,
        "tid": "Main Thread",
        "startTime": 7356357547465583
      },
      "additional": {
        "logType": "debug",
        "children": []
      }
    },
    {
      "head": {
        "id": "b25b86ba-70a7-49ee-935b-866269af3370",
        "name": "Task '' not found in root project 'Part3Demo'. Invalid command to execute the build task, please verify the parameters in the command and try again.",
        "description": "",
        "type": "log"
      },
      "body": {
        "pid": 91883,
        "tid": "Main Thread",
        "startTime": 7356357547710166
      },
      "additional": {
        "logType": "error",
        "children": []
      }
    },
    {
      "head": {
        "id": "8392edcb-d946-47df-849f-8f3042c4874a",
        "name": "* Try the following:\n> Run 'hvigorw --help' to learn more about hvigor command.\n> Run 'hvigorw tasks' to get a list of available tasks.\n> Run the command with '--info' or '--debug' option to get more log output.\n",
        "description": "",
        "type": "log"
      },
      "body": {
        "pid": 91883,
        "tid": "Main Thread",
        "startTime": 7356357547786750
      },
      "additional": {
        "logType": "info",
        "children": []
      }
    },
    {
      "head": {
        "id": "2d973079-4c66-4394-a836-e4d64563a1d0",
        "name": "BUILD FAILED in 865 ms ",
        "description": "",
        "type": "log"
      },
      "body": {
        "pid": 91883,
        "tid": "Main Thread",
        "startTime": 7356357547826166
      },
      "additional": {
        "logType": "error",
        "children": []
      }
    },
    {
      "head": {
        "id": "ca01f73d-bcf9-4dc3-ba57-4d12f9eeff34",
        "name": "",
        "description": "",
        "type": "mark"
      },
      "body": {
        "pid": 91883,
        "tid": "Main Thread",
        "startTime": 7356356682791416,
        "endTime": 7356357547954250
      },
      "additional": {
        "time": {
          "year": 2024,
          "month": 4,
          "day": 29,
          "hour": 14,
          "minute": 41
        },
        "completeCommand": "{\"prop\":[],\"analyze\":true,\"parallel\":true,\"incremental\":true,\"daemon\":true,\"_\":[]};",
        "hvigorVersion": "4.0.2",
        "markType": "history",
        "category": "build",
        "state": "failed"
      }
    }
  ],
  "workLog": []
}