{
  "version": "2.0",
  "events": [
    {
      "head": {
        "id": "d911f650-64e3-4156-8f3c-d52b5e9113ce",
        "name": "watch worker: worker id should be larger than 0. Nothing will be sent to any worker thread.",
        "description": "",
        "type": "log"
      },
      "body": {
        "pid": 21325,
        "tid": "Main Thread",
        "startTime": 7168789868528833
      },
      "additional": {
        "logType": "debug",
        "children": []
      }
    },
    {
      "head": {
        "id": "291b62f1-9c5c-41da-8ad7-b8e382013eab",
        "name": "init",
        "description": "Initialize and build task graph.",
        "type": "duration"
      },
      "body": {
        "pid": 21325,
        "tid": "Main Thread",
        "startTime": 7168789871456666,
        "endTime": 7168790697061166
      },
      "additional": {
        "children": [],
        "state": "success",
        "targetName": "",
        "moduleName": "",
        "category": "Init",
        "taskRunReasons": [],
        "logId": "bfa67279-9740-4a1b-b95c-2f04e1837c9d"
      },
      "log": {
        "_logger": {
          "category": "DurationEvent",
          "context": {},
          "callStackSkipIndex": 0
        },
        "_filelogger": {
          "category": "debug-file",
          "context": {},
          "callStackSkipIndex": 0
        }
      }
    },
    {
      "head": {
        "id": "dbafb676-9088-4167-9aee-246211242098",
        "name": "Hvigor init with startParameters:{\n  hvigorfileTypeCheck: false,\n  parallelExecution: true,\n  incrementalExecution: true,\n  printStackTrace: false,\n  daemon: true,\n  analyze: 0,\n  logLevel: Level { level: 20000, levelStr: 'INFO', colour: 'green' },\n  enableSignTask: true,\n  skipNativeIncremental: false,\n  poolMaxCoreSize: undefined,\n  poolCacheCapacity: undefined,\n  poolCacheTtl: undefined\n}",
        "description": "",
        "type": "log"
      },
      "body": {
        "pid": 21325,
        "tid": "Main Thread",
        "startTime": 7168789873133750
      },
      "additional": {
        "logType": "debug",
        "children": []
      }
    },
    {
      "head": {
        "id": "f30bd703-a693-4c59-939b-c9e209902a8c",
        "name": "Cache service initialization finished in 4 ms ",
        "description": "",
        "type": "log"
      },
      "body": {
        "pid": 21325,
        "tid": "Main Thread",
        "startTime": 7168789876578541
      },
      "additional": {
        "logType": "debug",
        "children": []
      }
    },
    {
      "head": {
        "id": "1f1ae21f-a2c9-4424-a484-f1cac0264f25",
        "name": "Since there is no instance or instance is terminated, create a new worker pool.",
        "description": "",
        "type": "log"
      },
      "body": {
        "pid": 21325,
        "tid": "Main Thread",
        "startTime": 7168789877079666
      },
      "additional": {
        "logType": "debug",
        "children": []
      }
    },
    {
      "head": {
        "id": "ddc712ca-305f-4b05-9a0f-5e90267248a1",
        "name": "Worker pool is initialized with config:  {\n  minPoolNum: 2,\n  maxCoreSize: undefined,\n  cacheCapacity: undefined,\n  cacheTtl: undefined\n}",
        "description": "",
        "type": "log"
      },
      "body": {
        "pid": 21325,
        "tid": "Main Thread",
        "startTime": 7168789877249375
      },
      "additional": {
        "logType": "debug",
        "children": []
      }
    },
    {
      "head": {
        "id": "de0b97ee-5f83-4dc9-8f9d-e4b24c199453",
        "name": "Create  resident worker with id: 0.",
        "description": "",
        "type": "log"
      },
      "body": {
        "pid": 21325,
        "tid": "Main Thread",
        "startTime": 7168789877716000
      },
      "additional": {
        "logType": "debug",
        "children": []
      }
    },
    {
      "head": {
        "id": "ba9ee91f-03d5-47e3-b721-b24070bf33e7",
        "name": "Create  resident worker with id: 1.",
        "description": "",
        "type": "log"
      },
      "body": {
        "pid": 21325,
        "tid": "Main Thread",
        "startTime": 7168789878782375
      },
      "additional": {
        "logType": "debug",
        "children": []
      }
    },
    {
      "head": {
        "id": "33df9f44-6ebc-4d4f-bc21-98a5664859f0",
        "name": "hvigorfile, resolving /Users/jepson/Desktop/Harmony/projects/Part3Demo/hvigorfile.ts",
        "description": "",
        "type": "log"
      },
      "body": {
        "pid": 21325,
        "tid": "Main Thread",
        "startTime": 7168789880313000
      },
      "additional": {
        "logType": "debug",
        "children": []
      }
    },
    {
      "head": {
        "id": "808827a3-e0e7-412f-a660-b59ebbc536da",
        "name": "hvigorfile, require result:  { default: { system: [Function: appTasks], plugins: [] } }",
        "description": "",
        "type": "log"
      },
      "body": {
        "pid": 21325,
        "tid": "Main Thread",
        "startTime": 7168790516768041
      },
      "additional": {
        "logType": "debug",
        "children": []
      }
    },
    {
      "head": {
        "id": "ff86cf17-ecba-4b43-a934-2c43dc139ebf",
        "name": "hvigorfile, binding system plugins [Function: appTasks]",
        "description": "",
        "type": "log"
      },
      "body": {
        "pid": 21325,
        "tid": "Main Thread",
        "startTime": 7168790516926791
      },
      "additional": {
        "logType": "debug",
        "children": []
      }
    },
    {
      "head": {
        "id": "4c187ae6-dff4-4d3b-b2a8-2883176ed99a",
        "name": "hvigorfile, binding custom plugins []",
        "description": "",
        "type": "log"
      },
      "body": {
        "pid": 21325,
        "tid": "Main Thread",
        "startTime": 7168790607907666
      },
      "additional": {
        "logType": "debug",
        "children": []
      }
    },
    {
      "head": {
        "id": "7808d7f9-0bcd-4273-93f1-4cb975bfa019",
        "name": "hvigorfile, no custom plugins were found in /Users/jepson/Desktop/Harmony/projects/Part3Demo/hvigorfile.ts",
        "description": "",
        "type": "log"
      },
      "body": {
        "pid": 21325,
        "tid": "Main Thread",
        "startTime": 7168790607986708
      },
      "additional": {
        "logType": "debug",
        "children": []
      }
    },
    {
      "head": {
        "id": "feb0f986-4a33-43d8-8148-49a6b2df957c",
        "name": "hvigorfile, resolve finished /Users/jepson/Desktop/Harmony/projects/Part3Demo/hvigorfile.ts",
        "description": "",
        "type": "log"
      },
      "body": {
        "pid": 21325,
        "tid": "Main Thread",
        "startTime": 7168790608013791
      },
      "additional": {
        "logType": "debug",
        "children": []
      }
    },
    {
      "head": {
        "id": "85c41758-8d99-4294-85df-91f79eac027d",
        "name": "hvigorfile, resolving /Users/jepson/Desktop/Harmony/projects/Part3Demo/entry/hvigorfile.ts",
        "description": "",
        "type": "log"
      },
      "body": {
        "pid": 21325,
        "tid": "Main Thread",
        "startTime": 7168790608432125
      },
      "additional": {
        "logType": "debug",
        "children": []
      }
    },
    {
      "head": {
        "id": "bb150d13-f68b-49ff-8f48-4e99d0aa370f",
        "name": "hvigorfile, require result:  { default: { system: [Function: hapTasks], plugins: [] } }",
        "description": "",
        "type": "log"
      },
      "body": {
        "pid": 21325,
        "tid": "Main Thread",
        "startTime": 7168790611856125
      },
      "additional": {
        "logType": "debug",
        "children": []
      }
    },
    {
      "head": {
        "id": "39cb4d43-9a63-4e4c-a7bb-c498c0b2215b",
        "name": "hvigorfile, binding system plugins [Function: hapTasks]",
        "description": "",
        "type": "log"
      },
      "body": {
        "pid": 21325,
        "tid": "Main Thread",
        "startTime": 7168790611916750
      },
      "additional": {
        "logType": "debug",
        "children": []
      }
    },
    {
      "head": {
        "id": "c802a807-0d15-47c1-baeb-403dc2da6366",
        "name": "Module entry Collected Dependency: ",
        "description": "",
        "type": "log"
      },
      "body": {
        "pid": 21325,
        "tid": "Main Thread",
        "startTime": 7168790615732875
      },
      "additional": {
        "logType": "debug",
        "children": []
      }
    },
    {
      "head": {
        "id": "9772a99c-7559-4e66-b73b-17e331762381",
        "name": "Module entry's total dependency: 0",
        "description": "",
        "type": "log"
      },
      "body": {
        "pid": 21325,
        "tid": "Main Thread",
        "startTime": 7168790615878416
      },
      "additional": {
        "logType": "debug",
        "children": []
      }
    },
    {
      "head": {
        "id": "c30f6b5f-1e90-4ee6-bb2e-761e114a5c91",
        "name": "Start initialize module-target build option map, moduleName=entry, buildMode=debug",
        "description": "",
        "type": "log"
      },
      "body": {
        "pid": 21325,
        "tid": "Main Thread",
        "startTime": 7168790617779500
      },
      "additional": {
        "logType": "debug",
        "children": []
      }
    },
    {
      "head": {
        "id": "17d59aa8-c06b-4c95-ba04-3e1c422c4137",
        "name": "Target 'default' config: {}",
        "description": "",
        "type": "log"
      },
      "body": {
        "pid": 21325,
        "tid": "Main Thread",
        "startTime": 7168790617894583
      },
      "additional": {
        "logType": "debug",
        "children": []
      }
    },
    {
      "head": {
        "id": "c276f628-f1f9-4f27-ae5d-9b723a7d2a21",
        "name": "Target 'ohosTest' config: {}",
        "description": "",
        "type": "log"
      },
      "body": {
        "pid": 21325,
        "tid": "Main Thread",
        "startTime": 7168790618132041
      },
      "additional": {
        "logType": "debug",
        "children": []
      }
    },
    {
      "head": {
        "id": "d3a8fe0f-4763-43f5-87f9-03e84b90204d",
        "name": "Module 'entry' target 'default' build option: {\n  \"debuggable\": true,\n  \"copyFrom\": \"default\",\n  \"name\": \"debug\"\n}",
        "description": "",
        "type": "log"
      },
      "body": {
        "pid": 21325,
        "tid": "Main Thread",
        "startTime": 7168790618290541
      },
      "additional": {
        "logType": "debug",
        "children": []
      }
    },
    {
      "head": {
        "id": "822a92ad-6cfe-4e4d-ae9d-9bf5217c2884",
        "name": "Module 'entry' target 'ohosTest' build option: {\n  \"debuggable\": true,\n  \"name\": \"default\"\n}",
        "description": "",
        "type": "log"
      },
      "body": {
        "pid": 21325,
        "tid": "Main Thread",
        "startTime": 7168790618318833
      },
      "additional": {
        "logType": "debug",
        "children": []
      }
    },
    {
      "head": {
        "id": "4376344b-629a-4877-9f03-cc4b2172996c",
        "name": "End initialize module-target build option map, moduleName=entry",
        "description": "",
        "type": "log"
      },
      "body": {
        "pid": 21325,
        "tid": "Main Thread",
        "startTime": 7168790618338416
      },
      "additional": {
        "logType": "debug",
        "children": []
      }
    },
    {
      "head": {
        "id": "0baa1ce4-0350-468c-a265-ccdbd33a0675",
        "name": "Module 'entry' target 'default' using build option: {\n  \"debuggable\": true,\n  \"copyFrom\": \"default\",\n  \"name\": \"debug\"\n} in this build.",
        "description": "",
        "type": "log"
      },
      "body": {
        "pid": 21325,
        "tid": "Main Thread",
        "startTime": 7168790618437708
      },
      "additional": {
        "logType": "debug",
        "children": []
      }
    },
    {
      "head": {
        "id": "044c8362-3316-4fb8-bf33-3ea658f0560a",
        "name": "require SDK: toolchains,ArkTS; moduleName=entry",
        "description": "",
        "type": "log"
      },
      "body": {
        "pid": 21325,
        "tid": "Main Thread",
        "startTime": 7168790619031375
      },
      "additional": {
        "logType": "debug",
        "children": []
      }
    },
    {
      "head": {
        "id": "fbbf9597-5f70-45a7-89f1-6a8fd314e6e3",
        "name": "Module entry task initialization takes 2 ms ",
        "description": "",
        "type": "log"
      },
      "body": {
        "pid": 21325,
        "tid": "Main Thread",
        "startTime": 7168790621642083
      },
      "additional": {
        "logType": "debug",
        "children": []
      }
    },
    {
      "head": {
        "id": "a5052b78-364a-43c9-b89e-e902f19c9b06",
        "name": "hvigorfile, binding custom plugins []",
        "description": "",
        "type": "log"
      },
      "body": {
        "pid": 21325,
        "tid": "Main Thread",
        "startTime": 7168790621706083
      },
      "additional": {
        "logType": "debug",
        "children": []
      }
    },
    {
      "head": {
        "id": "f09d7482-f9c5-4e37-802e-f4ca101a422c",
        "name": "hvigorfile, no custom plugins were found in /Users/jepson/Desktop/Harmony/projects/Part3Demo/entry/hvigorfile.ts",
        "description": "",
        "type": "log"
      },
      "body": {
        "pid": 21325,
        "tid": "Main Thread",
        "startTime": 7168790621731666
      },
      "additional": {
        "logType": "debug",
        "children": []
      }
    },
    {
      "head": {
        "id": "6b2b0d3c-0817-4848-a647-69e34ab94f84",
        "name": "hvigorfile, resolve finished /Users/jepson/Desktop/Harmony/projects/Part3Demo/entry/hvigorfile.ts",
        "description": "",
        "type": "log"
      },
      "body": {
        "pid": 21325,
        "tid": "Main Thread",
        "startTime": 7168790621751958
      },
      "additional": {
        "logType": "debug",
        "children": []
      }
    },
    {
      "head": {
        "id": "1ccd155a-3ed4-4509-adf5-3198a9e1ec38",
        "name": "hvigorfile, resolve hvigorfile dependencies in 38 ms ",
        "description": "",
        "type": "log"
      },
      "body": {
        "pid": 21325,
        "tid": "Main Thread",
        "startTime": 7168790658981291
      },
      "additional": {
        "logType": "debug",
        "children": []
      }
    },
    {
      "head": {
        "id": "546e9cc5-e544-4bea-b15c-b6d15c33332d",
        "name": "Start initialize project's product build option map with build mode debug.",
        "description": "",
        "type": "log"
      },
      "body": {
        "pid": 21325,
        "tid": "Main Thread",
        "startTime": 7168790659529791
      },
      "additional": {
        "logType": "debug",
        "children": []
      }
    },
    {
      "head": {
        "id": "4b81fb4f-a8bf-43e1-859d-9c7b849f4b2b",
        "name": "Picking option from product 'default' with build mode 'debug'.",
        "description": "",
        "type": "log"
      },
      "body": {
        "pid": 21325,
        "tid": "Main Thread",
        "startTime": 7168790659592416
      },
      "additional": {
        "logType": "debug",
        "children": []
      }
    },
    {
      "head": {
        "id": "8b23e5b4-4498-48cd-895d-c2e5748a284e",
        "name": "Product 'default' build option: {}",
        "description": "",
        "type": "log"
      },
      "body": {
        "pid": 21325,
        "tid": "Main Thread",
        "startTime": 7168790659629250
      },
      "additional": {
        "logType": "debug",
        "children": []
      }
    },
    {
      "head": {
        "id": "6a282a50-7f0e-499e-8073-7e23f997b8e0",
        "name": "End initialize project's product build option map with build mode 'debug'.",
        "description": "",
        "type": "log"
      },
      "body": {
        "pid": 21325,
        "tid": "Main Thread",
        "startTime": 7168790659652541
      },
      "additional": {
        "logType": "debug",
        "children": []
      }
    },
    {
      "head": {
        "id": "84c271b4-8741-4ed9-b559-9f4bf9cd78b4",
        "name": "Module Part3Demo Collected Dependency: ",
        "description": "",
        "type": "log"
      },
      "body": {
        "pid": 21325,
        "tid": "Main Thread",
        "startTime": 7168790659828125
      },
      "additional": {
        "logType": "debug",
        "children": []
      }
    },
    {
      "head": {
        "id": "4657aab7-c8ea-4738-aba1-be6af708ea7e",
        "name": "Module Part3Demo's total dependency: 0",
        "description": "",
        "type": "log"
      },
      "body": {
        "pid": 21325,
        "tid": "Main Thread",
        "startTime": 7168790659850583
      },
      "additional": {
        "logType": "debug",
        "children": []
      }
    },
    {
      "head": {
        "id": "dd78ef8e-0610-42b3-b5e5-388b39030fdf",
        "name": "Product 'default' using build option: {\n  \"debuggable\": true\n} in this build.",
        "description": "",
        "type": "log"
      },
      "body": {
        "pid": 21325,
        "tid": "Main Thread",
        "startTime": 7168790660247958
      },
      "additional": {
        "logType": "debug",
        "children": []
      }
    },
    {
      "head": {
        "id": "bdb6a7aa-586a-447e-b426-f6d5669a87f3",
        "name": "harmonyOS sdk scan",
        "description": "HarmonyOS sdk scan",
        "type": "duration"
      },
      "body": {
        "pid": 21325,
        "tid": "Main Thread",
        "startTime": 7168790662603250,
        "endTime": 7168790674812666
      },
      "additional": {
        "children": [],
        "state": "success",
        "targetName": "",
        "moduleName": "",
        "category": "Other",
        "taskRunReasons": []
      },
      "log": {
        "_logger": {
          "category": "DurationEvent",
          "context": {},
          "callStackSkipIndex": 0
        },
        "_filelogger": {
          "category": "debug-file",
          "context": {},
          "callStackSkipIndex": 0
        }
      }
    },
    {
      "head": {
        "id": "d25af4bc-9926-4054-89cd-bf3a001b0e6e",
        "name": "Local scan or download HarmonyOS sdk components toolchains",
        "description": "",
        "type": "log"
      },
      "body": {
        "pid": 21325,
        "tid": "Main Thread",
        "startTime": 7168790662688833
      },
      "additional": {
        "logType": "debug",
        "children": []
      }
    },
    {
      "head": {
        "id": "10473d79-c0b4-4a5e-a5e9-2b8d6b5aa938",
        "name": "Component System-image-phone Developer Preview1 has been placed in the wrong place,\n             expect /Users/jepson/Documents/harmony_env/sdk/system-image/HarmonyOS-NEXT-DP1/phone_arm, actual /Users/jepson/Documents/harmony_env/sdk/system-image/HarmonyOS-NEXT-DP1/phone_arm",
        "description": "",
        "type": "log"
      },
      "body": {
        "pid": 21325,
        "tid": "Main Thread",
        "startTime": 7168790674478833
      },
      "additional": {
        "logType": "debug",
        "children": []
      }
    },
    {
      "head": {
        "id": "d91ec80f-e448-4509-80e6-21baca621256",
        "name": "hmscore sdk scan",
        "description": "Hmscore sdk scan",
        "type": "duration"
      },
      "body": {
        "pid": 21325,
        "tid": "Main Thread",
        "startTime": 7168790675104541,
        "endTime": 7168790688048583
      },
      "additional": {
        "children": [],
        "state": "success",
        "targetName": "",
        "moduleName": "",
        "category": "Other",
        "taskRunReasons": []
      },
      "log": {
        "_logger": {
          "category": "DurationEvent",
          "context": {},
          "callStackSkipIndex": 0
        },
        "_filelogger": {
          "category": "debug-file",
          "context": {},
          "callStackSkipIndex": 0
        }
      }
    },
    {
      "head": {
        "id": "3f66520e-3f24-4c30-9433-d902b44c756d",
        "name": "Local scan or download hmscore sdk components toolchains",
        "description": "",
        "type": "log"
      },
      "body": {
        "pid": 21325,
        "tid": "Main Thread",
        "startTime": 7168790675185916
      },
      "additional": {
        "logType": "debug",
        "children": []
      }
    },
    {
      "head": {
        "id": "1e89d9ca-a166-439a-961b-e11f1c0925b4",
        "name": "Component System-image-phone Developer Preview1 has been placed in the wrong place,\n             expect /Users/jepson/Documents/harmony_env/sdk/system-image/HarmonyOS-NEXT-DP1/phone_arm, actual /Users/jepson/Documents/harmony_env/sdk/system-image/HarmonyOS-NEXT-DP1/phone_arm",
        "description": "",
        "type": "log"
      },
      "body": {
        "pid": 21325,
        "tid": "Main Thread",
        "startTime": 7168790687755750
      },
      "additional": {
        "logType": "debug",
        "children": []
      }
    },
    {
      "head": {
        "id": "57d1a7f0-a718-4dff-b758-420d0bc4bbc9",
        "name": "Sdk init in 27 ms ",
        "description": "",
        "type": "log"
      },
      "body": {
        "pid": 21325,
        "tid": "Main Thread",
        "startTime": 7168790688608125
      },
      "additional": {
        "logType": "debug",
        "children": []
      }
    },
    {
      "head": {
        "id": "1fcadab5-ae01-401e-8e76-3080e259067b",
        "name": "sdkVersion",
        "description": "4.1.0.52",
        "type": "mark"
      },
      "body": {
        "pid": 21325,
        "tid": "Main Thread",
        "startTime": 7168790688685791
      },
      "additional": {
        "time": {
          "year": 2024,
          "month": 4,
          "day": 27,
          "hour": 10,
          "minute": 35
        },
        "markType": "other"
      }
    },
    {
      "head": {
        "id": "091491bc-b431-46b2-9c49-9a82a4383383",
        "name": "Project task initialization takes 5 ms ",
        "description": "",
        "type": "log"
      },
      "body": {
        "pid": 21325,
        "tid": "Main Thread",
        "startTime": 7168790694075833
      },
      "additional": {
        "logType": "debug",
        "children": []
      }
    },
    {
      "head": {
        "id": "1551a6c9-46b3-4a7a-a52d-52254305b5f1",
        "name": "Sdk init in 1 ms ",
        "description": "",
        "type": "log"
      },
      "body": {
        "pid": 21325,
        "tid": "Main Thread",
        "startTime": 7168790694890208
      },
      "additional": {
        "logType": "debug",
        "children": []
      }
    },
    {
      "head": {
        "id": "b2dd765c-4db8-4959-8367-4d9922ce7c1f",
        "name": "project has submodules:entry",
        "description": "",
        "type": "log"
      },
      "body": {
        "pid": 21325,
        "tid": "Main Thread",
        "startTime": 7168790696067708
      },
      "additional": {
        "logType": "debug",
        "children": []
      }
    },
    {
      "head": {
        "id": "4bb75155-aa7c-485d-986f-f3b6ba88df38",
        "name": "Configuration phase cost:820 ms ",
        "description": "",
        "type": "log"
      },
      "body": {
        "pid": 21325,
        "tid": "Main Thread",
        "startTime": 7168790696392791
      },
      "additional": {
        "logType": "debug",
        "children": []
      }
    },
    {
      "head": {
        "id": "bfa67279-9740-4a1b-b95c-2f04e1837c9d",
        "name": "init",
        "description": "",
        "type": "log"
      },
      "body": {
        "pid": 21325,
        "tid": "Main Thread",
        "startTime": 7168789871456666,
        "endTime": 7168790697061166
      },
      "additional": {
        "logType": "info",
        "children": [],
        "durationId": "291b62f1-9c5c-41da-8ad7-b8e382013eab"
      }
    },
    {
      "head": {
        "id": "4cfc687e-67e8-4571-8705-34819f20f8f8",
        "name": "Configuration task cost before running: 827 ms ",
        "description": "",
        "type": "log"
      },
      "body": {
        "pid": 21325,
        "tid": "Main Thread",
        "startTime": 7168790697299916
      },
      "additional": {
        "logType": "debug",
        "children": []
      }
    },
    {
      "head": {
        "id": "9feb0a6a-7e95-4afa-90af-649b739a5cde",
        "name": "Task '' not found in root project 'Part3Demo'. Invalid command to execute the build task, please verify the parameters in the command and try again.",
        "description": "",
        "type": "log"
      },
      "body": {
        "pid": 21325,
        "tid": "Main Thread",
        "startTime": 7168790697496541
      },
      "additional": {
        "logType": "error",
        "children": []
      }
    },
    {
      "head": {
        "id": "0f1fbe0c-a4b6-4313-bba3-b4e069591a47",
        "name": "* Try the following:\n> Run 'hvigorw --help' to learn more about hvigor command.\n> Run 'hvigorw tasks' to get a list of available tasks.\n> Run the command with '--info' or '--debug' option to get more log output.\n",
        "description": "",
        "type": "log"
      },
      "body": {
        "pid": 21325,
        "tid": "Main Thread",
        "startTime": 7168790697550875
      },
      "additional": {
        "logType": "info",
        "children": []
      }
    },
    {
      "head": {
        "id": "3ca9a726-2ae1-4c72-a58d-2aabf44b811d",
        "name": "BUILD FAILED in 827 ms ",
        "description": "",
        "type": "log"
      },
      "body": {
        "pid": 21325,
        "tid": "Main Thread",
        "startTime": 7168790697588250
      },
      "additional": {
        "logType": "error",
        "children": []
      }
    },
    {
      "head": {
        "id": "e2260e9d-658c-492b-a407-b75ac65a2c3e",
        "name": "",
        "description": "",
        "type": "mark"
      },
      "body": {
        "pid": 21325,
        "tid": "Main Thread",
        "startTime": 7168789871255791,
        "endTime": 7168790697700375
      },
      "additional": {
        "time": {
          "year": 2024,
          "month": 4,
          "day": 27,
          "hour": 10,
          "minute": 35
        },
        "completeCommand": "{\"prop\":[],\"analyze\":true,\"parallel\":true,\"incremental\":true,\"daemon\":true,\"_\":[]};",
        "hvigorVersion": "4.0.2",
        "markType": "history",
        "category": "build",
        "state": "failed"
      }
    }
  ],
  "workLog": []
}