{"/Users/jepson/Desktop/Harmony/projects/Part3Demo/AppScope/app.json5":{"hashValue":"7f3ab6eec8f3faac01930a5bbdc79fa8","name":"app.json5","path":"/Users/jepson/Desktop/Harmony/projects/Part3Demo/AppScope/app.json5","type":"file","isSymbolicLink":false,"fileMetaData":{"size":206,"lastModifiedTime":1712979788896}},"/Users/jepson/Desktop/Harmony/projects/Part3Demo/entry/src/main/module.json5":{"hashValue":"01d49757070c79a8644f5db9bfd10411","name":"module.json5","path":"/Users/jepson/Desktop/Harmony/projects/Part3Demo/entry/src/main/module.json5","type":"file","isSymbolicLink":false,"fileMetaData":{"size":918,"lastModifiedTime":1712979788897}},"/Users/jepson/Desktop/Harmony/projects/Part3Demo/build-profile.json5":{"hashValue":"a271449e363554d60e639001469043df","name":"build-profile.json5","path":"/Users/jepson/Desktop/Harmony/projects/Part3Demo/build-profile.json5","type":"file","isSymbolicLink":false,"fileMetaData":{"size":605,"lastModifiedTime":1712979788902}},"/Users/jepson/Desktop/Harmony/projects/Part3Demo/entry/build-profile.json5":{"hashValue":"ed743e2c7b594d18b30788c2e9f411ae","name":"build-profile.json5","path":"/Users/jepson/Desktop/Harmony/projects/Part3Demo/entry/build-profile.json5","type":"file","isSymbolicLink":false,"fileMetaData":{"size":421,"lastModifiedTime":1712979788900}},"/Users/jepson/Desktop/Harmony/projects/Part3Demo/entry/src/main/resources/base/profile/main_pages.json":{"hashValue":"a44bf21aca2d3f7b787bc288dc80e358","name":"main_pages.json","path":"/Users/jepson/Desktop/Harmony/projects/Part3Demo/entry/src/main/resources/base/profile/main_pages.json","type":"file","isSymbolicLink":false,"fileMetaData":{"size":37,"lastModifiedTime":1712979786610}},"/Users/jepson/Desktop/Harmony/projects/Part3Demo/entry/oh-package.json5":{"hashValue":"26eeb0f9c8ca6478a25092e5509bdb2f","name":"oh-package.json5","path":"/Users/jepson/Desktop/Harmony/projects/Part3Demo/entry/oh-package.json5","type":"file","isSymbolicLink":false,"fileMetaData":{"size":173,"lastModifiedTime":1712979786521}},"/Users/jepson/Desktop/Harmony/projects/Part3Demo/entry/.preview/default/generated/profile/default/BuildProfile.ets":{"hashValue":"e97d441a9674f7033e2c1e0dfceffbc0","name":"BuildProfile.ets","path":"/Users/jepson/Desktop/Harmony/projects/Part3Demo/entry/.preview/default/generated/profile/default/BuildProfile.ets","type":"file","isSymbolicLink":false,"fileMetaData":{"size":374,"lastModifiedTime":1712980278927}},"/Users/jepson/Desktop/Harmony/projects/Part3Demo/entry/src/mock/mock-config.json5":{"hashValue":"f236a47d07e17034ac3409096cbf7823","name":"mock-config.json5","path":"/Users/jepson/Desktop/Harmony/projects/Part3Demo/entry/src/mock/mock-config.json5","type":"file","isSymbolicLink":false,"fileMetaData":{"size":3,"lastModifiedTime":1712979786590}},"/Users/jepson/Desktop/Harmony/projects/Part3Demo/entry/.preview/default/intermediates/loader/default/loader.json":{"hashValue":"c775dd0b8dcad4cb320fedc6c62c67f5","name":"loader.json","path":"/Users/jepson/Desktop/Harmony/projects/Part3Demo/entry/.preview/default/intermediates/loader/default/loader.json","type":"file","isSymbolicLink":false,"fileMetaData":{"size":586,"lastModifiedTime":1712980278936}},"/Users/jepson/Desktop/Harmony/projects/Part3Demo/entry/.preview/default/intermediates/merge_profile/default/module.json":{"hashValue":"80c97ca2e6d5cac1503507ae100aa98c","name":"module.json","path":"/Users/jepson/Desktop/Harmony/projects/Part3Demo/entry/.preview/default/intermediates/merge_profile/default/module.json","type":"file","isSymbolicLink":false,"fileMetaData":{"size":1179,"lastModifiedTime":1712980278939}},"/Users/jepson/Desktop/Harmony/projects/Part3Demo/entry/.preview/default/intermediates/process_profile/default/module.json":{"hashValue":"733e3f8793a500a27d51d92ef044d834","name":"module.json","path":"/Users/jepson/Desktop/Harmony/projects/Part3Demo/entry/.preview/default/intermediates/process_profile/default/module.json","type":"file","isSymbolicLink":false,"fileMetaData":{"size":1265,"lastModifiedTime":1712980279006}},"/Users/jepson/Desktop/Harmony/projects/Part3Demo/entry/src/main/resources":{"hashValue":"eb77106f47e1a3a1008caf08f6eb6425","name":"resources","path":"/Users/jepson/Desktop/Harmony/projects/Part3Demo/entry/src/main/resources","type":"directory","isSymbolicLink":false,"children":[{"hashValue":"eb9555d63e6a55aa7fb25f2fc5ebe7eb","name":".DS_Store","path":"/Users/jepson/Desktop/Harmony/projects/Part3Demo/entry/src/main/resources/.DS_Store","type":"file","isSymbolicLink":false,"fileMetaData":{"size":6148,"lastModifiedTime":1713785913796}},{"hashValue":"12dee6f561c06028465f9785f2d7df90","name":"base","path":"/Users/jepson/Desktop/Harmony/projects/Part3Demo/entry/src/main/resources/base","type":"directory","isSymbolicLink":false,"children":[{"hashValue":"a93eff9f7bfff5559dbe14655ffd8fdd","name":".DS_Store","path":"/Users/jepson/Desktop/Harmony/projects/Part3Demo/entry/src/main/resources/base/.DS_Store","type":"file","isSymbolicLink":false,"fileMetaData":{"size":10244,"lastModifiedTime":1713785913804}},{"hashValue":"85531154da505e2d090712dbc3dc3a40","name":"element","path":"/Users/jepson/Desktop/Harmony/projects/Part3Demo/entry/src/main/resources/base/element","type":"directory","isSymbolicLink":false,"children":[{"hashValue":"fe2f52c3b248af98f275539d55c23a9d","name":"color.json","path":"/Users/jepson/Desktop/Harmony/projects/Part3Demo/entry/src/main/resources/base/element/color.json","type":"file","isSymbolicLink":false,"fileMetaData":{"size":98,"lastModifiedTime":1712979786598}},{"hashValue":"d4f5c8e21e391d2e5116cc0e74349b74","name":"string.json","path":"/Users/jepson/Desktop/Harmony/projects/Part3Demo/entry/src/main/resources/base/element/string.json","type":"file","isSymbolicLink":false,"fileMetaData":{"size":247,"lastModifiedTime":1712979788910}}]},{"hashValue":"fd5d6fa166035bb3961ae2a7b6cd5eaa","name":"media","path":"/Users/jepson/Desktop/Harmony/projects/Part3Demo/entry/src/main/resources/base/media","type":"directory","isSymbolicLink":false,"children":[{"hashValue":"1d8cda880274333c087d6784e58f343e","name":"1.jpg","path":"/Users/jepson/Desktop/Harmony/projects/Part3Demo/entry/src/main/resources/base/media/1.jpg","type":"file","isSymbolicLink":false,"fileMetaData":{"size":1494191,"lastModifiedTime":1713061111171}},{"hashValue":"be9fec67b87dd52cf0d9a6853b01d220","name":"2.webp","path":"/Users/jepson/Desktop/Harmony/projects/Part3Demo/entry/src/main/resources/base/media/2.webp","type":"file","isSymbolicLink":false,"fileMetaData":{"size":18296,"lastModifiedTime":1713061111357}},{"hashValue":"f11ec7bef6f67d7325fdf1c781c145f2","name":"3.jpeg","path":"/Users/jepson/Desktop/Harmony/projects/Part3Demo/entry/src/main/resources/base/media/3.jpeg","type":"file","isSymbolicLink":false,"fileMetaData":{"size":89157,"lastModifiedTime":1713061111281}},{"hashValue":"3ac72538d6779a8869dddf757686d459","name":"4.webp","path":"/Users/jepson/Desktop/Harmony/projects/Part3Demo/entry/src/main/resources/base/media/4.webp","type":"file","isSymbolicLink":false,"fileMetaData":{"size":30674,"lastModifiedTime":1713061111436}},{"hashValue":"e2f438df7516842a33b875f4feae5d8a","name":"5.jpeg","path":"/Users/jepson/Desktop/Harmony/projects/Part3Demo/entry/src/main/resources/base/media/5.jpeg","type":"file","isSymbolicLink":false,"fileMetaData":{"size":91083,"lastModifiedTime":1713061304371}},{"hashValue":"a9a986d108088d2175b86bda039cbf90","name":"ic_jd_rocket.png","path":"/Users/jepson/Desktop/Harmony/projects/Part3Demo/entry/src/main/resources/base/media/ic_jd_rocket.png","type":"file","isSymbolicLink":false,"fileMetaData":{"size":2296,"lastModifiedTime":1712816322490}},{"hashValue":"220f627cc9d1b33ed6a10ae70a24dbca","name":"ic_jd_scroll_01.jpg","path":"/Users/jepson/Desktop/Harmony/projects/Part3Demo/entry/src/main/resources/base/media/ic_jd_scroll_01.jpg","type":"file","isSymbolicLink":false,"fileMetaData":{"size":540089,"lastModifiedTime":1712816326980}},{"hashValue":"b071dfa322b36205fae8296fb823f109","name":"ic_jd_scroll_02.jpg","path":"/Users/jepson/Desktop/Harmony/projects/Part3Demo/entry/src/main/resources/base/media/ic_jd_scroll_02.jpg","type":"file","isSymbolicLink":false,"fileMetaData":{"size":488520,"lastModifiedTime":1712816327038}},{"hashValue":"a571cd3922fc29cbf19f613a99789b58","name":"ic_jd_scroll_03.jpg","path":"/Users/jepson/Desktop/Harmony/projects/Part3Demo/entry/src/main/resources/base/media/ic_jd_scroll_03.jpg","type":"file","isSymbolicLink":false,"fileMetaData":{"size":312453,"lastModifiedTime":1712816326763}},{"hashValue":"db9000f0755ac6b2c959339bc469c3f9","name":"ic_jd_tab.jpg","path":"/Users/jepson/Desktop/Harmony/projects/Part3Demo/entry/src/main/resources/base/media/ic_jd_tab.jpg","type":"file","isSymbolicLink":false,"fileMetaData":{"size":30769,"lastModifiedTime":1712816323734}},{"hashValue":"6f3bf2841e4322433b92c38a65052ab0","name":"ic_reuse_01.png","path":"/Users/jepson/Desktop/Harmony/projects/Part3Demo/entry/src/main/resources/base/media/ic_reuse_01.png","type":"file","isSymbolicLink":false,"fileMetaData":{"size":2055,"lastModifiedTime":1705377853000}},{"hashValue":"65c5849d6189f81b0277e35d9bba3947","name":"ic_reuse_02.png","path":"/Users/jepson/Desktop/Harmony/projects/Part3Demo/entry/src/main/resources/base/media/ic_reuse_02.png","type":"file","isSymbolicLink":false,"fileMetaData":{"size":6856,"lastModifiedTime":1705377853000}},{"hashValue":"0fe42e9fae50e69a789d374c0ca77f60","name":"ic_reuse_03.png","path":"/Users/jepson/Desktop/Harmony/projects/Part3Demo/entry/src/main/resources/base/media/ic_reuse_03.png","type":"file","isSymbolicLink":false,"fileMetaData":{"size":13100,"lastModifiedTime":1705377853000}},{"hashValue":"15665f1873d4b355b4ec6f69c7a60640","name":"ic_reuse_04.png","path":"/Users/jepson/Desktop/Harmony/projects/Part3Demo/entry/src/main/resources/base/media/ic_reuse_04.png","type":"file","isSymbolicLink":false,"fileMetaData":{"size":14791,"lastModifiedTime":1705377853000}},{"hashValue":"2e29806016633f0d501e8b3dc8114f99","name":"ic_swiper_xmyp01.jpeg","path":"/Users/jepson/Desktop/Harmony/projects/Part3Demo/entry/src/main/resources/base/media/ic_swiper_xmyp01.jpeg","type":"file","isSymbolicLink":false,"fileMetaData":{"size":28564,"lastModifiedTime":1712816166734}},{"hashValue":"4f0d08f8af6cc64a94da0098dd665c87","name":"ic_swiper_xmyp02.jpeg","path":"/Users/jepson/Desktop/Harmony/projects/Part3Demo/entry/src/main/resources/base/media/ic_swiper_xmyp02.jpeg","type":"file","isSymbolicLink":false,"fileMetaData":{"size":22817,"lastModifiedTime":1712816164175}},{"hashValue":"fbfbbacd084d880d5f2068dfc99d8a64","name":"ic_swiper_xmyp03.jpeg","path":"/Users/jepson/Desktop/Harmony/projects/Part3Demo/entry/src/main/resources/base/media/ic_swiper_xmyp03.jpeg","type":"file","isSymbolicLink":false,"fileMetaData":{"size":21391,"lastModifiedTime":1712816166774}},{"hashValue":"e29bcc6ad064214b12478f48160c35c0","name":"ic_swiper_xmyp04.jpeg","path":"/Users/jepson/Desktop/Harmony/projects/Part3Demo/entry/src/main/resources/base/media/ic_swiper_xmyp04.jpeg","type":"file","isSymbolicLink":false,"fileMetaData":{"size":30070,"lastModifiedTime":1712816164278}},{"hashValue":"a1bec27f7f26a47cd86fddc58e1a9662","name":"ic_tabbar_icon_0_selected.png","path":"/Users/jepson/Desktop/Harmony/projects/Part3Demo/entry/src/main/resources/base/media/ic_tabbar_icon_0_selected.png","type":"file","isSymbolicLink":false,"fileMetaData":{"size":4343,"lastModifiedTime":1712816325092}},{"hashValue":"c826f8d21452e606c253eb909a3bff90","name":"ic_tabbar_icon_0.png","path":"/Users/jepson/Desktop/Harmony/projects/Part3Demo/entry/src/main/resources/base/media/ic_tabbar_icon_0.png","type":"file","isSymbolicLink":false,"fileMetaData":{"size":4647,"lastModifiedTime":1712816325082}},{"hashValue":"5404edd67a85bff3160247b09e562249","name":"ic_tabbar_icon_1_selected.png","path":"/Users/jepson/Desktop/Harmony/projects/Part3Demo/entry/src/main/resources/base/media/ic_tabbar_icon_1_selected.png","type":"file","isSymbolicLink":false,"fileMetaData":{"size":3513,"lastModifiedTime":1712816319083}},{"hashValue":"66fe1f255c536827ab1336f013ea0705","name":"ic_tabbar_icon_1.png","path":"/Users/jepson/Desktop/Harmony/projects/Part3Demo/entry/src/main/resources/base/media/ic_tabbar_icon_1.png","type":"file","isSymbolicLink":false,"fileMetaData":{"size":3997,"lastModifiedTime":1712816323537}},{"hashValue":"c9fc1de9842c7c17095633d63312fa81","name":"ic_tabbar_icon_2_selected.png","path":"/Users/jepson/Desktop/Harmony/projects/Part3Demo/entry/src/main/resources/base/media/ic_tabbar_icon_2_selected.png","type":"file","isSymbolicLink":false,"fileMetaData":{"size":4170,"lastModifiedTime":1712816321445}},{"hashValue":"1942cc96196bc9d78040cd934e8c176e","name":"ic_tabbar_icon_2.png","path":"/Users/jepson/Desktop/Harmony/projects/Part3Demo/entry/src/main/resources/base/media/ic_tabbar_icon_2.png","type":"file","isSymbolicLink":false,"fileMetaData":{"size":4744,"lastModifiedTime":1712816320599}},{"hashValue":"d08847feebfb799b2902e4c870f18f27","name":"ic_tabbar_icon_3_selected.png","path":"/Users/jepson/Desktop/Harmony/projects/Part3Demo/entry/src/main/resources/base/media/ic_tabbar_icon_3_selected.png","type":"file","isSymbolicLink":false,"fileMetaData":{"size":4113,"lastModifiedTime":1712816322468}},{"hashValue":"807c424596da9838beee93de31df8cd9","name":"ic_tabbar_icon_3.png","path":"/Users/jepson/Desktop/Harmony/projects/Part3Demo/entry/src/main/resources/base/media/ic_tabbar_icon_3.png","type":"file","isSymbolicLink":false,"fileMetaData":{"size":4808,"lastModifiedTime":1712816323507}},{"hashValue":"a90b79d274ce0b746344b32321b8ff85","name":"ic_xiaomi_scroll_01.jpg","path":"/Users/jepson/Desktop/Harmony/projects/Part3Demo/entry/src/main/resources/base/media/ic_xiaomi_scroll_01.jpg","type":"file","isSymbolicLink":false,"fileMetaData":{"size":523564,"lastModifiedTime":1712816323520}},{"hashValue":"202928f7880c3bfe13c82a01bf317304","name":"ic_xiaomi_scroll_02.jpg","path":"/Users/jepson/Desktop/Harmony/projects/Part3Demo/entry/src/main/resources/base/media/ic_xiaomi_scroll_02.jpg","type":"file","isSymbolicLink":false,"fileMetaData":{"size":407467,"lastModifiedTime":1712816325556}},{"hashValue":"1fc51b5480a89526d7b768dbb4a9ed03","name":"ic_xiaomi_scroll_03.jpg","path":"/Users/jepson/Desktop/Harmony/projects/Part3Demo/entry/src/main/resources/base/media/ic_xiaomi_scroll_03.jpg","type":"file","isSymbolicLink":false,"fileMetaData":{"size":354362,"lastModifiedTime":1712816325566}},{"hashValue":"a8ada47f15d33df76d65229b78dc4e88","name":"icon.png","path":"/Users/jepson/Desktop/Harmony/projects/Part3Demo/entry/src/main/resources/base/media/icon.png","type":"file","isSymbolicLink":false,"fileMetaData":{"size":2041,"lastModifiedTime":1712816328144}},{"hashValue":"9e4e168808f1e6daa26361673fb4ffc5","name":"startIcon.png","path":"/Users/jepson/Desktop/Harmony/projects/Part3Demo/entry/src/main/resources/base/media/startIcon.png","type":"file","isSymbolicLink":false,"fileMetaData":{"size":4351,"lastModifiedTime":1712816327984}}]},{"hashValue":"dcbd8c5167b7cb4dce6569a15cbd3e9f","name":"profile","path":"/Users/jepson/Desktop/Harmony/projects/Part3Demo/entry/src/main/resources/base/profile","type":"directory","isSymbolicLink":false,"children":[{"hashValue":"a44bf21aca2d3f7b787bc288dc80e358","name":"main_pages.json","path":"/Users/jepson/Desktop/Harmony/projects/Part3Demo/entry/src/main/resources/base/profile/main_pages.json","type":"file","isSymbolicLink":false,"fileMetaData":{"size":37,"lastModifiedTime":1712979786610}}]}]},{"hashValue":"21d806696a62cec4332a0a4d48bc4b95","name":"en_US","path":"/Users/jepson/Desktop/Harmony/projects/Part3Demo/entry/src/main/resources/en_US","type":"directory","isSymbolicLink":false,"children":[{"hashValue":"e7b208bbb211e2641601ea35317f5886","name":"element","path":"/Users/jepson/Desktop/Harmony/projects/Part3Demo/entry/src/main/resources/en_US/element","type":"directory","isSymbolicLink":false,"children":[{"hashValue":"6d6a7040ebc9aeafb3de1fd17bf65bd9","name":"string.json","path":"/Users/jepson/Desktop/Harmony/projects/Part3Demo/entry/src/main/resources/en_US/element/string.json","type":"file","isSymbolicLink":false,"fileMetaData":{"size":247,"lastModifiedTime":1712979788906}}]}]},{"hashValue":"","name":"rawfile","path":"/Users/jepson/Desktop/Harmony/projects/Part3Demo/entry/src/main/resources/rawfile","type":"directory","isSymbolicLink":false,"children":[]},{"hashValue":"3c3e49c363e3f7732ab64581d587f2d9","name":"zh_CN","path":"/Users/jepson/Desktop/Harmony/projects/Part3Demo/entry/src/main/resources/zh_CN","type":"directory","isSymbolicLink":false,"children":[{"hashValue":"73fbdf79ceea321f4028727931181682","name":"element","path":"/Users/jepson/Desktop/Harmony/projects/Part3Demo/entry/src/main/resources/zh_CN/element","type":"directory","isSymbolicLink":false,"children":[{"hashValue":"800944c032d000b0219922c56cd77fc6","name":"string.json","path":"/Users/jepson/Desktop/Harmony/projects/Part3Demo/entry/src/main/resources/zh_CN/element/string.json","type":"file","isSymbolicLink":false,"fileMetaData":{"size":241,"lastModifiedTime":1712979788905}}]}]}]},"/Users/jepson/Desktop/Harmony/projects/Part3Demo/entry/.preview/default/intermediates/res/default":{"hashValue":"218d7f249d530e0f13ca2f9f7f82493f","name":"default","path":"/Users/jepson/Desktop/Harmony/projects/Part3Demo/entry/.preview/default/intermediates/res/default","type":"directory","isSymbolicLink":false,"children":[{"hashValue":"54bc188a243880a243c0879be841306c","name":"app_compiled","path":"/Users/jepson/Desktop/Harmony/projects/Part3Demo/entry/.preview/default/intermediates/res/default/app_compiled","type":"directory","isSymbolicLink":false,"children":[{"hashValue":"f929f898a55c14b275df5c915bbbf996","name":"1940843780307984246","path":"/Users/jepson/Desktop/Harmony/projects/Part3Demo/entry/.preview/default/intermediates/res/default/app_compiled/1940843780307984246","type":"file","isSymbolicLink":false,"fileMetaData":{"size":137,"lastModifiedTime":1714471455841}},{"hashValue":"8ab80fde83fa93d85bc765a52cff51cc","name":"5306653517523527176","path":"/Users/jepson/Desktop/Harmony/projects/Part3Demo/entry/.preview/default/intermediates/res/default/app_compiled/5306653517523527176","type":"file","isSymbolicLink":false,"fileMetaData":{"size":222,"lastModifiedTime":1714471455841}}]},{"hashValue":"2f0d5e396d714c024f73ffb0c512902d","name":"ids_map","path":"/Users/jepson/Desktop/Harmony/projects/Part3Demo/entry/.preview/default/intermediates/res/default/ids_map","type":"directory","isSymbolicLink":false,"children":[{"hashValue":"3655c4370d7ce176cccdbe88b2ddc241","name":"id_defined.json","path":"/Users/jepson/Desktop/Harmony/projects/Part3Demo/entry/.preview/default/intermediates/res/default/ids_map/id_defined.json","type":"file","isSymbolicLink":false,"fileMetaData":{"size":4648,"lastModifiedTime":1714471455859}}]},{"hashValue":"d377681ca47d42d1b063e87098433fe8","name":"mock-config.json","path":"/Users/jepson/Desktop/Harmony/projects/Part3Demo/entry/.preview/default/intermediates/res/default/mock-config.json","type":"file","isSymbolicLink":false,"fileMetaData":{"size":2,"lastModifiedTime":1714471460107}},{"hashValue":"0a587cda53f7b0d1b4539ddb430c51a6","name":"module_compiled","path":"/Users/jepson/Desktop/Harmony/projects/Part3Demo/entry/.preview/default/intermediates/res/default/module_compiled","type":"directory","isSymbolicLink":false,"children":[{"hashValue":"9632d42c13cc52f4abe7c2162052796a","name":"10037753797328073935","path":"/Users/jepson/Desktop/Harmony/projects/Part3Demo/entry/.preview/default/intermediates/res/default/module_compiled/10037753797328073935","type":"file","isSymbolicLink":false,"fileMetaData":{"size":243,"lastModifiedTime":1714471455847}},{"hashValue":"e5bb2324ce06c38ec991a7aaa41c21a0","name":"10655512308742717690","path":"/Users/jepson/Desktop/Harmony/projects/Part3Demo/entry/.preview/default/intermediates/res/default/module_compiled/10655512308742717690","type":"file","isSymbolicLink":false,"fileMetaData":{"size":216,"lastModifiedTime":1714471455847}},{"hashValue":"c563366157c892e72fad769f9a197d5e","name":"11158260448926563264","path":"/Users/jepson/Desktop/Harmony/projects/Part3Demo/entry/.preview/default/intermediates/res/default/module_compiled/11158260448926563264","type":"file","isSymbolicLink":false,"fileMetaData":{"size":285,"lastModifiedTime":1714471455847}},{"hashValue":"2f85690ba32c2b42964a55da76d65d73","name":"11416661241128966545","path":"/Users/jepson/Desktop/Harmony/projects/Part3Demo/entry/.preview/default/intermediates/res/default/module_compiled/11416661241128966545","type":"file","isSymbolicLink":false,"fileMetaData":{"size":267,"lastModifiedTime":1714471455848}},{"hashValue":"1ac656970ee07aba522a5e0f91a5218a","name":"11462274898145014259","path":"/Users/jepson/Desktop/Harmony/projects/Part3Demo/entry/.preview/default/intermediates/res/default/module_compiled/11462274898145014259","type":"file","isSymbolicLink":false,"fileMetaData":{"size":261,"lastModifiedTime":1714471455847}},{"hashValue":"e491cc41dd8b66a4757fe2b3948d0c93","name":"1197776323385585764","path":"/Users/jepson/Desktop/Harmony/projects/Part3Demo/entry/.preview/default/intermediates/res/default/module_compiled/1197776323385585764","type":"file","isSymbolicLink":false,"fileMetaData":{"size":267,"lastModifiedTime":1714471455848}},{"hashValue":"848d842b3775eb820817fff2ed1da181","name":"1213050443169773512","path":"/Users/jepson/Desktop/Harmony/projects/Part3Demo/entry/.preview/default/intermediates/res/default/module_compiled/1213050443169773512","type":"file","isSymbolicLink":false,"fileMetaData":{"size":267,"lastModifiedTime":1714471455848}},{"hashValue":"8f12f57b76be33b44e9e93b4e04b7f14","name":"12418796934839069562","path":"/Users/jepson/Desktop/Harmony/projects/Part3Demo/entry/.preview/default/intermediates/res/default/module_compiled/12418796934839069562","type":"file","isSymbolicLink":false,"fileMetaData":{"size":261,"lastModifiedTime":1714471455847}},{"hashValue":"aaddfd04ad45a7496d83ac1ac3e8fe9b","name":"12865900264183110094","path":"/Users/jepson/Desktop/Harmony/projects/Part3Demo/entry/.preview/default/intermediates/res/default/module_compiled/12865900264183110094","type":"file","isSymbolicLink":false,"fileMetaData":{"size":285,"lastModifiedTime":1714471455848}},{"hashValue":"1538a481cb03a2a765c0c24cb2f16dda","name":"13033508356263747398","path":"/Users/jepson/Desktop/Harmony/projects/Part3Demo/entry/.preview/default/intermediates/res/default/module_compiled/13033508356263747398","type":"file","isSymbolicLink":false,"fileMetaData":{"size":222,"lastModifiedTime":1714471455847}},{"hashValue":"3a4bcc5328402d50987073cd3e7fb3f5","name":"14330770556922373429","path":"/Users/jepson/Desktop/Harmony/projects/Part3Demo/entry/.preview/default/intermediates/res/default/module_compiled/14330770556922373429","type":"file","isSymbolicLink":false,"fileMetaData":{"size":243,"lastModifiedTime":1714471455848}},{"hashValue":"621b8dea4307a41c842e332dd12f3a4e","name":"15022787522191312877","path":"/Users/jepson/Desktop/Harmony/projects/Part3Demo/entry/.preview/default/intermediates/res/default/module_compiled/15022787522191312877","type":"file","isSymbolicLink":false,"fileMetaData":{"size":243,"lastModifiedTime":1714471455848}},{"hashValue":"d24064fe368b1c6ee38560193f21e77f","name":"15530028761252478032","path":"/Users/jepson/Desktop/Harmony/projects/Part3Demo/entry/.preview/default/intermediates/res/default/module_compiled/15530028761252478032","type":"file","isSymbolicLink":false,"fileMetaData":{"size":237,"lastModifiedTime":1714471455848}},{"hashValue":"154c9681cc5e34f4aee7c86b39256ee3","name":"15842606106732798482","path":"/Users/jepson/Desktop/Harmony/projects/Part3Demo/entry/.preview/default/intermediates/res/default/module_compiled/15842606106732798482","type":"file","isSymbolicLink":false,"fileMetaData":{"size":243,"lastModifiedTime":1714471455847}},{"hashValue":"5945976112bcde279b96537fa8640b6f","name":"16491634812265992000","path":"/Users/jepson/Desktop/Harmony/projects/Part3Demo/entry/.preview/default/intermediates/res/default/module_compiled/16491634812265992000","type":"file","isSymbolicLink":false,"fileMetaData":{"size":246,"lastModifiedTime":1714471455849}},{"hashValue":"69287170bd76419a20ad5ffd1f98e36a","name":"2122647411436310852","path":"/Users/jepson/Desktop/Harmony/projects/Part3Demo/entry/.preview/default/intermediates/res/default/module_compiled/2122647411436310852","type":"file","isSymbolicLink":false,"fileMetaData":{"size":261,"lastModifiedTime":1714471455849}},{"hashValue":"359d4f32c888267dbac6e3d60c5f1497","name":"2314149422274041692","path":"/Users/jepson/Desktop/Harmony/projects/Part3Demo/entry/.preview/default/intermediates/res/default/module_compiled/2314149422274041692","type":"file","isSymbolicLink":false,"fileMetaData":{"size":155,"lastModifiedTime":1714471455846}},{"hashValue":"3425cef5a8079f82f8fa233eb5687f5f","name":"2317841764400414266","path":"/Users/jepson/Desktop/Harmony/projects/Part3Demo/entry/.preview/default/intermediates/res/default/module_compiled/2317841764400414266","type":"file","isSymbolicLink":false,"fileMetaData":{"size":258,"lastModifiedTime":1714471455848}},{"hashValue":"d78621c7a6795bd71e9dfa35606236f5","name":"2345991159929680312","path":"/Users/jepson/Desktop/Harmony/projects/Part3Demo/entry/.preview/default/intermediates/res/default/module_compiled/2345991159929680312","type":"file","isSymbolicLink":false,"fileMetaData":{"size":255,"lastModifiedTime":1714471455848}},{"hashValue":"9f47fc97f8bbc4297f30196a53f092dd","name":"2536177955472199621","path":"/Users/jepson/Desktop/Harmony/projects/Part3Demo/entry/.preview/default/intermediates/res/default/module_compiled/2536177955472199621","type":"file","isSymbolicLink":false,"fileMetaData":{"size":258,"lastModifiedTime":1714471455847}},{"hashValue":"6a0197973b59fd37269771a7444c1146","name":"326826312988136311","path":"/Users/jepson/Desktop/Harmony/projects/Part3Demo/entry/.preview/default/intermediates/res/default/module_compiled/326826312988136311","type":"file","isSymbolicLink":false,"fileMetaData":{"size":247,"lastModifiedTime":1714471455846}},{"hashValue":"6f8047a63ea7c84c14f533f75bc70186","name":"3584229941215548919","path":"/Users/jepson/Desktop/Harmony/projects/Part3Demo/entry/.preview/default/intermediates/res/default/module_compiled/3584229941215548919","type":"file","isSymbolicLink":false,"fileMetaData":{"size":258,"lastModifiedTime":1714471455847}},{"hashValue":"009ac11601fcea267ad9bc04122662a1","name":"4272955851641129581","path":"/Users/jepson/Desktop/Harmony/projects/Part3Demo/entry/.preview/default/intermediates/res/default/module_compiled/4272955851641129581","type":"file","isSymbolicLink":false,"fileMetaData":{"size":458,"lastModifiedTime":1714471455846}},{"hashValue":"161b14ef83c1908257cea22eb7dd0bbf","name":"4378930946649603761","path":"/Users/jepson/Desktop/Harmony/projects/Part3Demo/entry/.preview/default/intermediates/res/default/module_compiled/4378930946649603761","type":"file","isSymbolicLink":false,"fileMetaData":{"size":285,"lastModifiedTime":1714471455847}},{"hashValue":"9a3dfc813e3d8dccf4fd479e63221f76","name":"4409025968958795818","path":"/Users/jepson/Desktop/Harmony/projects/Part3Demo/entry/.preview/default/intermediates/res/default/module_compiled/4409025968958795818","type":"file","isSymbolicLink":false,"fileMetaData":{"size":285,"lastModifiedTime":1714471455848}},{"hashValue":"b44a3b1d170bd21adc4e56153e846ed0","name":"5732243843402325531","path":"/Users/jepson/Desktop/Harmony/projects/Part3Demo/entry/.preview/default/intermediates/res/default/module_compiled/5732243843402325531","type":"file","isSymbolicLink":false,"fileMetaData":{"size":506,"lastModifiedTime":1714471455846}},{"hashValue":"de4da7a40c8bf080ccf51948a17a906f","name":"6157381909738435953","path":"/Users/jepson/Desktop/Harmony/projects/Part3Demo/entry/.preview/default/intermediates/res/default/module_compiled/6157381909738435953","type":"file","isSymbolicLink":false,"fileMetaData":{"size":512,"lastModifiedTime":1714471455845}},{"hashValue":"4c1d60f4de9b4518f32c4406139a2a93","name":"7054308317172283391","path":"/Users/jepson/Desktop/Harmony/projects/Part3Demo/entry/.preview/default/intermediates/res/default/module_compiled/7054308317172283391","type":"file","isSymbolicLink":false,"fileMetaData":{"size":255,"lastModifiedTime":1714471455848}},{"hashValue":"7408728bd7081c37430d380e7c65a6b6","name":"7613572472114554304","path":"/Users/jepson/Desktop/Harmony/projects/Part3Demo/entry/.preview/default/intermediates/res/default/module_compiled/7613572472114554304","type":"file","isSymbolicLink":false,"fileMetaData":{"size":237,"lastModifiedTime":1714471455848}},{"hashValue":"2232e4f719ecdc0f1c2bde8644d9ffcf","name":"8116770027153760647","path":"/Users/jepson/Desktop/Harmony/projects/Part3Demo/entry/.preview/default/intermediates/res/default/module_compiled/8116770027153760647","type":"file","isSymbolicLink":false,"fileMetaData":{"size":213,"lastModifiedTime":1714471455849}},{"hashValue":"d408009c1165189b2fc630ac36d8e26f","name":"8749988347535343213","path":"/Users/jepson/Desktop/Harmony/projects/Part3Demo/entry/.preview/default/intermediates/res/default/module_compiled/8749988347535343213","type":"file","isSymbolicLink":false,"fileMetaData":{"size":216,"lastModifiedTime":1714471455848}},{"hashValue":"65c55424b2a761e888fe4a3090399145","name":"8791072943353104838","path":"/Users/jepson/Desktop/Harmony/projects/Part3Demo/entry/.preview/default/intermediates/res/default/module_compiled/8791072943353104838","type":"file","isSymbolicLink":false,"fileMetaData":{"size":216,"lastModifiedTime":1714471455849}},{"hashValue":"ea84b3afd35f1e5a898b7540160c9a23","name":"8948008282197502477","path":"/Users/jepson/Desktop/Harmony/projects/Part3Demo/entry/.preview/default/intermediates/res/default/module_compiled/8948008282197502477","type":"file","isSymbolicLink":false,"fileMetaData":{"size":258,"lastModifiedTime":1714471455847}},{"hashValue":"ee21c1405b3f56a122d57f87b5d2f057","name":"9501250575273693767","path":"/Users/jepson/Desktop/Harmony/projects/Part3Demo/entry/.preview/default/intermediates/res/default/module_compiled/9501250575273693767","type":"file","isSymbolicLink":false,"fileMetaData":{"size":255,"lastModifiedTime":1714471455848}},{"hashValue":"ef71fbc54501417626751a27befa7a12","name":"9631641286410183990","path":"/Users/jepson/Desktop/Harmony/projects/Part3Demo/entry/.preview/default/intermediates/res/default/module_compiled/9631641286410183990","type":"file","isSymbolicLink":false,"fileMetaData":{"size":216,"lastModifiedTime":1714471455848}},{"hashValue":"d88484d596e31bdb86fa6ca73f221ebf","name":"9662979116686264226","path":"/Users/jepson/Desktop/Harmony/projects/Part3Demo/entry/.preview/default/intermediates/res/default/module_compiled/9662979116686264226","type":"file","isSymbolicLink":false,"fileMetaData":{"size":261,"lastModifiedTime":1714471455847}}]},{"hashValue":"3d8d3a50f481fb66151871529d14ec37","name":"module.json","path":"/Users/jepson/Desktop/Harmony/projects/Part3Demo/entry/.preview/default/intermediates/res/default/module.json","type":"file","isSymbolicLink":false,"fileMetaData":{"size":2196,"lastModifiedTime":1714471455859}},{"hashValue":"e8b5d901d5f1631b3a5806ed204588ce","name":"resources","path":"/Users/jepson/Desktop/Harmony/projects/Part3Demo/entry/.preview/default/intermediates/res/default/resources","type":"directory","isSymbolicLink":false,"children":[{"hashValue":"62c994c708a27765188548bacf32a934","name":"base","path":"/Users/jepson/Desktop/Harmony/projects/Part3Demo/entry/.preview/default/intermediates/res/default/resources/base","type":"directory","isSymbolicLink":false,"children":[{"hashValue":"a2ca5794282b5bc4d8d0623470966335","name":"profile","path":"/Users/jepson/Desktop/Harmony/projects/Part3Demo/entry/.preview/default/intermediates/res/default/resources/base/profile","type":"directory","isSymbolicLink":false,"children":[{"hashValue":"325f77edebc2d8b2897eaec305cb8cfb","name":"main_pages.json","path":"/Users/jepson/Desktop/Harmony/projects/Part3Demo/entry/.preview/default/intermediates/res/default/resources/base/profile/main_pages.json","type":"file","isSymbolicLink":false,"fileMetaData":{"size":24,"lastModifiedTime":1714471455868}}]}]}]},{"hashValue":"5fc5779335734bb452df2a32b2bac3b8","name":"resources.index","path":"/Users/jepson/Desktop/Harmony/projects/Part3Demo/entry/.preview/default/intermediates/res/default/resources.index","type":"file","isSymbolicLink":false,"fileMetaData":{"size":5457,"lastModifiedTime":1714471455858}},{"hashValue":"5dca0401321f3bacb4a400e8235b412c","name":"ResourceTable.txt","path":"/Users/jepson/Desktop/Harmony/projects/Part3Demo/entry/.preview/default/intermediates/res/default/ResourceTable.txt","type":"file","isSymbolicLink":false,"fileMetaData":{"size":1197,"lastModifiedTime":1714471455859}}]},"/Users/jepson/Desktop/Harmony/projects/Part3Demo/entry/.preview/default/generated/r/default":{"hashValue":"22469c85b8a935373af30ffe194c54cb","name":"default","path":"/Users/jepson/Desktop/Harmony/projects/Part3Demo/entry/.preview/default/generated/r/default","type":"directory","isSymbolicLink":false,"children":[{"hashValue":"3fd32aece2bedb3bc255b22cb8cea02e","name":"ResourceTable.h","path":"/Users/jepson/Desktop/Harmony/projects/Part3Demo/entry/.preview/default/generated/r/default/ResourceTable.h","type":"file","isSymbolicLink":false,"fileMetaData":{"size":2549,"lastModifiedTime":1714471455859}}]},"/Users/jepson/Desktop/Harmony/projects/Part3Demo/entry/src/main/resources/base/profile":{"hashValue":"dcbd8c5167b7cb4dce6569a15cbd3e9f","name":"profile","path":"/Users/jepson/Desktop/Harmony/projects/Part3Demo/entry/src/main/resources/base/profile","type":"directory","isSymbolicLink":false,"children":[{"hashValue":"a44bf21aca2d3f7b787bc288dc80e358","name":"main_pages.json","path":"/Users/jepson/Desktop/Harmony/projects/Part3Demo/entry/src/main/resources/base/profile/main_pages.json","type":"file","isSymbolicLink":false,"fileMetaData":{"size":37,"lastModifiedTime":1712979786610}}]},"/Users/jepson/Desktop/Harmony/projects/Part3Demo/entry/.preview/default/intermediates/res/default/resources/base/profile":{"hashValue":"a2ca5794282b5bc4d8d0623470966335","name":"profile","path":"/Users/jepson/Desktop/Harmony/projects/Part3Demo/entry/.preview/default/intermediates/res/default/resources/base/profile","type":"directory","isSymbolicLink":false,"children":[{"hashValue":"325f77edebc2d8b2897eaec305cb8cfb","name":"main_pages.json","path":"/Users/jepson/Desktop/Harmony/projects/Part3Demo/entry/.preview/default/intermediates/res/default/resources/base/profile/main_pages.json","type":"file","isSymbolicLink":false,"fileMetaData":{"size":24,"lastModifiedTime":1714471455868}}]},"/Users/jepson/Desktop/Harmony/projects/Part3Demo/entry/.preview/default/intermediates/res/default/module.json":{"hashValue":"3d8d3a50f481fb66151871529d14ec37","name":"module.json","path":"/Users/jepson/Desktop/Harmony/projects/Part3Demo/entry/.preview/default/intermediates/res/default/module.json","type":"file","isSymbolicLink":false,"fileMetaData":{"size":2196,"lastModifiedTime":1714471455859}},"/Users/jepson/Desktop/Harmony/projects/Part3Demo/entry/.preview/default/intermediates/res/default/resources/base/profile/main_pages.json":{"hashValue":"325f77edebc2d8b2897eaec305cb8cfb","name":"main_pages.json","path":"/Users/jepson/Desktop/Harmony/projects/Part3Demo/entry/.preview/default/intermediates/res/default/resources/base/profile/main_pages.json","type":"file","isSymbolicLink":false,"fileMetaData":{"size":24,"lastModifiedTime":1714471455868}},"/Users/jepson/Desktop/Harmony/projects/Part3Demo/entry/.preview/default/intermediates/loader/default":{"hashValue":"e020348a05beea10796ffc3cb90b9c54","name":"default","path":"/Users/jepson/Desktop/Harmony/projects/Part3Demo/entry/.preview/default/intermediates/loader/default","type":"directory","isSymbolicLink":false,"children":[{"hashValue":"c775dd0b8dcad4cb320fedc6c62c67f5","name":"loader.json","path":"/Users/jepson/Desktop/Harmony/projects/Part3Demo/entry/.preview/default/intermediates/loader/default/loader.json","type":"file","isSymbolicLink":false,"fileMetaData":{"size":586,"lastModifiedTime":1712980278936}}]},"/Users/jepson/Desktop/Harmony/projects/Part3Demo/entry/.preview/default/intermediates/res/default/ResourceTable.txt":{"hashValue":"5dca0401321f3bacb4a400e8235b412c","name":"ResourceTable.txt","path":"/Users/jepson/Desktop/Harmony/projects/Part3Demo/entry/.preview/default/intermediates/res/default/ResourceTable.txt","type":"file","isSymbolicLink":false,"fileMetaData":{"size":1197,"lastModifiedTime":1714471455859}},"/Users/jepson/Desktop/Harmony/projects/Part3Demo/entry/src/main/ets":{"hashValue":"4304a509edc90a5fbbae278836ac263d","name":"ets","path":"/Users/jepson/Desktop/Harmony/projects/Part3Demo/entry/src/main/ets","type":"directory","isSymbolicLink":false,"children":[{"hashValue":"7fb415ec4e22d41f7d8c5dbeb1ed1b12","name":"entryability","path":"/Users/jepson/Desktop/Harmony/projects/Part3Demo/entry/src/main/ets/entryability","type":"directory","isSymbolicLink":false,"children":[{"hashValue":"827b91596a8dd50401209578e48b24b2","name":"EntryAbility.ets","path":"/Users/jepson/Desktop/Harmony/projects/Part3Demo/entry/src/main/ets/entryability/EntryAbility.ets","type":"file","isSymbolicLink":false,"fileMetaData":{"size":1484,"lastModifiedTime":1712979788903}}]},{"hashValue":"766347a29e64cd57e6ac4aa31e416bdd","name":"pages","path":"/Users/jepson/Desktop/Harmony/projects/Part3Demo/entry/src/main/ets/pages","type":"directory","isSymbolicLink":false,"children":[{"hashValue":"9cd35b9935a7b4159497f1947ae14a9c","name":"Index.ets","path":"/Users/jepson/Desktop/Harmony/projects/Part3Demo/entry/src/main/ets/pages/Index.ets","type":"file","isSymbolicLink":false,"fileMetaData":{"size":76,"lastModifiedTime":1714470719571}}]},{"hashValue":"b90dfe0343a778f86cb3841d7e76f84f","name":"随堂代码","path":"/Users/jepson/Desktop/Harmony/projects/Part3Demo/entry/src/main/ets/随堂代码","type":"directory","isSymbolicLink":false,"children":[{"hashValue":"bb7eb5fc678db9a64e041ec00101d807","name":"01-Swiper的基本使用.ets","path":"/Users/jepson/Desktop/Harmony/projects/Part3Demo/entry/src/main/ets/随堂代码/01-Swiper的基本使用.ets","type":"file","isSymbolicLink":false,"fileMetaData":{"size":672,"lastModifiedTime":1712940412018}},{"hashValue":"718764beb322a0171d0dc696c0227dec","name":"02-Swiper常见属性.ets","path":"/Users/jepson/Desktop/Harmony/projects/Part3Demo/entry/src/main/ets/随堂代码/02-Swiper常见属性.ets","type":"file","isSymbolicLink":false,"fileMetaData":{"size":820,"lastModifiedTime":1712981012156}},{"hashValue":"aab12693d532f8e6d558759a413c919e","name":"03-Swiper自定义小圆点.ets","path":"/Users/jepson/Desktop/Harmony/projects/Part3Demo/entry/src/main/ets/随堂代码/03-Swiper自定义小圆点.ets","type":"file","isSymbolicLink":false,"fileMetaData":{"size":1138,"lastModifiedTime":1712995640915}},{"hashValue":"2cfd17e76ddb1574c6c364cf40a8865d","name":"04-Swiper轮播图案例.ets","path":"/Users/jepson/Desktop/Harmony/projects/Part3Demo/entry/src/main/ets/随堂代码/04-Swiper轮播图案例.ets","type":"file","isSymbolicLink":false,"fileMetaData":{"size":712,"lastModifiedTime":1713087898417}},{"hashValue":"0e0ed81b3272fdf5661f814cbadf8898","name":"05-@Extend准备代码.ets","path":"/Users/jepson/Desktop/Harmony/projects/Part3Demo/entry/src/main/ets/随堂代码/05-@Extend准备代码.ets","type":"file","isSymbolicLink":false,"fileMetaData":{"size":1168,"lastModifiedTime":1713258134562}},{"hashValue":"8ce3f846f3290802b518890b10ee2fb9","name":"06-@Extend随堂.ets","path":"/Users/jepson/Desktop/Harmony/projects/Part3Demo/entry/src/main/ets/随堂代码/06-@Extend随堂.ets","type":"file","isSymbolicLink":false,"fileMetaData":{"size":914,"lastModifiedTime":1713259423298}},{"hashValue":"d29642d1cf0fd0ffb91010f9817ada21","name":"07-@Styles准备代码.ets","path":"/Users/jepson/Desktop/Harmony/projects/Part3Demo/entry/src/main/ets/随堂代码/07-@Styles准备代码.ets","type":"file","isSymbolicLink":false,"fileMetaData":{"size":764,"lastModifiedTime":1713261463191}},{"hashValue":"7865e58332f83e70e173ba4030f27c41","name":"08-@Styles随堂.ets","path":"/Users/jepson/Desktop/Harmony/projects/Part3Demo/entry/src/main/ets/随堂代码/08-@Styles随堂.ets","type":"file","isSymbolicLink":false,"fileMetaData":{"size":710,"lastModifiedTime":1713261807022}},{"hashValue":"6e51c93343ee40dc0f5669a6a3b9b364","name":"09-@Builder准备代码.ets","path":"/Users/jepson/Desktop/Harmony/projects/Part3Demo/entry/src/main/ets/随堂代码/09-@Builder准备代码.ets","type":"file","isSymbolicLink":false,"fileMetaData":{"size":1497,"lastModifiedTime":1713270978183}},{"hashValue":"7a1631ce751167b8cf7edc4c905bed60","name":"10-@Builder随堂.ets","path":"/Users/jepson/Desktop/Harmony/projects/Part3Demo/entry/src/main/ets/随堂代码/10-@Builder随堂.ets","type":"file","isSymbolicLink":false,"fileMetaData":{"size":1061,"lastModifiedTime":1713271441623}},{"hashValue":"2bae06116ea70602830c2a18cf1410f9","name":"11-Scroll-准备代码.ets","path":"/Users/jepson/Desktop/Harmony/projects/Part3Demo/entry/src/main/ets/随堂代码/11-Scroll-准备代码.ets","type":"file","isSymbolicLink":false,"fileMetaData":{"size":503,"lastModifiedTime":1713343835798}},{"hashValue":"b0d0be7588f1685dee806161d41e8f22","name":"12-Scroll-核心语法.ets","path":"/Users/jepson/Desktop/Harmony/projects/Part3Demo/entry/src/main/ets/随堂代码/12-Scroll-核心语法.ets","type":"file","isSymbolicLink":false,"fileMetaData":{"size":689,"lastModifiedTime":1713344837658}},{"hashValue":"8242a73769dced328429f2e308e20eb0","name":"13-Scroll-常见属性.ets","path":"/Users/jepson/Desktop/Harmony/projects/Part3Demo/entry/src/main/ets/随堂代码/13-Scroll-常见属性.ets","type":"file","isSymbolicLink":false,"fileMetaData":{"size":944,"lastModifiedTime":1713345747269}},{"hashValue":"31c99fdfeac2b7c3b190e9d56e5d7b47","name":"14-Scroll-控制器.ets","path":"/Users/jepson/Desktop/Harmony/projects/Part3Demo/entry/src/main/ets/随堂代码/14-Scroll-控制器.ets","type":"file","isSymbolicLink":false,"fileMetaData":{"size":1417,"lastModifiedTime":1713427864566}},{"hashValue":"f09a91749294a1c170dc50d1269346dc","name":"15-Scroll-事件.ets","path":"/Users/jepson/Desktop/Harmony/projects/Part3Demo/entry/src/main/ets/随堂代码/15-Scroll-事件.ets","type":"file","isSymbolicLink":false,"fileMetaData":{"size":1540,"lastModifiedTime":1713441217018}},{"hashValue":"d345c125b3dbd0a596ac2cee59f726ec","name":"16-京东实例-准备代码.ets","path":"/Users/jepson/Desktop/Harmony/projects/Part3Demo/entry/src/main/ets/随堂代码/16-京东实例-准备代码.ets","type":"file","isSymbolicLink":false,"fileMetaData":{"size":829,"lastModifiedTime":1713429319957}},{"hashValue":"a74623b914ab44586c212fd1bda7fb3f","name":"17-京东实例-功能完成.ets","path":"/Users/jepson/Desktop/Harmony/projects/Part3Demo/entry/src/main/ets/随堂代码/17-京东实例-功能完成.ets","type":"file","isSymbolicLink":false,"fileMetaData":{"size":1385,"lastModifiedTime":1713753465568}},{"hashValue":"e40d468af007b5875ff68116ecc0ec2d","name":"18-Tabs-基本用法.ets","path":"/Users/jepson/Desktop/Harmony/projects/Part3Demo/entry/src/main/ets/随堂代码/18-Tabs-基本用法.ets","type":"file","isSymbolicLink":false,"fileMetaData":{"size":540,"lastModifiedTime":1713583217899}},{"hashValue":"74b741944509cc41e9d3a65a94a080a6","name":"19-Tabs-常用属性.ets","path":"/Users/jepson/Desktop/Harmony/projects/Part3Demo/entry/src/main/ets/随堂代码/19-Tabs-常用属性.ets","type":"file","isSymbolicLink":false,"fileMetaData":{"size":736,"lastModifiedTime":1713599438150}},{"hashValue":"309329190d9690f77e8e96f55bf51f8a","name":"20-Tabs-滚动导航栏.ets","path":"/Users/jepson/Desktop/Harmony/projects/Part3Demo/entry/src/main/ets/随堂代码/20-Tabs-滚动导航栏.ets","type":"file","isSymbolicLink":false,"fileMetaData":{"size":474,"lastModifiedTime":1713596678611}},{"hashValue":"15cc865f5289c57c58ac7a95aa4ee17e","name":"21-Tabs-自定义高亮-基础结构.ets","path":"/Users/jepson/Desktop/Harmony/projects/Part3Demo/entry/src/main/ets/随堂代码/21-Tabs-自定义高亮-基础结构.ets","type":"file","isSymbolicLink":false,"fileMetaData":{"size":511,"lastModifiedTime":1713597897080}},{"hashValue":"33b232b11aec796b510b89b152fe71b8","name":"22-Tabs-自定义高亮-切换完成.ets","path":"/Users/jepson/Desktop/Harmony/projects/Part3Demo/entry/src/main/ets/随堂代码/22-Tabs-自定义高亮-切换完成.ets","type":"file","isSymbolicLink":false,"fileMetaData":{"size":1114,"lastModifiedTime":1713600753246}},{"hashValue":"43c99ec2b165e6b84c1412198cf6e90c","name":"23-Tabs-小米底部定制.ets","path":"/Users/jepson/Desktop/Harmony/projects/Part3Demo/entry/src/main/ets/随堂代码/23-Tabs-小米底部定制.ets","type":"file","isSymbolicLink":false,"fileMetaData":{"size":1718,"lastModifiedTime":1713602542122}},{"hashValue":"7975f422e955f33785d895d0e16d1d7e","name":"24-类-属性(字段).ets","path":"/Users/jepson/Desktop/Harmony/projects/Part3Demo/entry/src/main/ets/随堂代码/24-类-属性(字段).ets","type":"file","isSymbolicLink":false,"fileMetaData":{"size":351,"lastModifiedTime":1714048123734}},{"hashValue":"3acc0614b3b517c126df31b7f9416201","name":"25-类-构造函数.ets","path":"/Users/jepson/Desktop/Harmony/projects/Part3Demo/entry/src/main/ets/随堂代码/25-类-构造函数.ets","type":"file","isSymbolicLink":false,"fileMetaData":{"size":1085,"lastModifiedTime":1714051709668}},{"hashValue":"413f6908fb02365f0535e50f01a925e2","name":"26-类-定义方法.ets","path":"/Users/jepson/Desktop/Harmony/projects/Part3Demo/entry/src/main/ets/随堂代码/26-类-定义方法.ets","type":"file","isSymbolicLink":false,"fileMetaData":{"size":579,"lastModifiedTime":1714104674719}},{"hashValue":"a5d7e7fb8afee71c3e1e181b24f231b7","name":"27-类-静态属性和静态方法.ets","path":"/Users/jepson/Desktop/Harmony/projects/Part3Demo/entry/src/main/ets/随堂代码/27-类-静态属性和静态方法.ets","type":"file","isSymbolicLink":false,"fileMetaData":{"size":297,"lastModifiedTime":1714117921447}},{"hashValue":"18175f74e0f4fd419937fcf776c6dd28","name":"28-类-继承.ets","path":"/Users/jepson/Desktop/Harmony/projects/Part3Demo/entry/src/main/ets/随堂代码/28-类-继承.ets","type":"file","isSymbolicLink":false,"fileMetaData":{"size":1496,"lastModifiedTime":1714186382566}},{"hashValue":"f981675782fcae7f42217cde198b1215","name":"29-类-instanceof.ets","path":"/Users/jepson/Desktop/Harmony/projects/Part3Demo/entry/src/main/ets/随堂代码/29-类-instanceof.ets","type":"file","isSymbolicLink":false,"fileMetaData":{"size":825,"lastModifiedTime":1714203774611}},{"hashValue":"5e64924c387afadd8ecd33fcb4eeebe3","name":"30-类-修饰符-readonly.ets","path":"/Users/jepson/Desktop/Harmony/projects/Part3Demo/entry/src/main/ets/随堂代码/30-类-修饰符-readonly.ets","type":"file","isSymbolicLink":false,"fileMetaData":{"size":426,"lastModifiedTime":1714206126982}},{"hashValue":"0ecd3f16a7b89026e6890d95d41963fb","name":"31-类-修饰符-private.ets","path":"/Users/jepson/Desktop/Harmony/projects/Part3Demo/entry/src/main/ets/随堂代码/31-类-修饰符-private.ets","type":"file","isSymbolicLink":false,"fileMetaData":{"size":473,"lastModifiedTime":1714206592640}},{"hashValue":"1331c91dfd41a87ad97137c3057f59e9","name":"32-类-修饰符-protected和public.ets","path":"/Users/jepson/Desktop/Harmony/projects/Part3Demo/entry/src/main/ets/随堂代码/32-类-修饰符-protected和public.ets","type":"file","isSymbolicLink":false,"fileMetaData":{"size":613,"lastModifiedTime":1714361563193}},{"hashValue":"cf34e97e37354a58824087937490baba","name":"33-剩余参数和展开运算符.ets","path":"/Users/jepson/Desktop/Harmony/projects/Part3Demo/entry/src/main/ets/随堂代码/33-剩余参数和展开运算符.ets","type":"file","isSymbolicLink":false,"fileMetaData":{"size":624,"lastModifiedTime":1714376226601}},{"hashValue":"b92a670faf1211e001660476fd4ea846","name":"34-接口继承extends.ets","path":"/Users/jepson/Desktop/Harmony/projects/Part3Demo/entry/src/main/ets/随堂代码/34-接口继承extends.ets","type":"file","isSymbolicLink":false,"fileMetaData":{"size":297,"lastModifiedTime":1714377881277}},{"hashValue":"b67d08dd8b5dd037d48b35396d44ff25","name":"35-接口实现implements.ets","path":"/Users/jepson/Desktop/Harmony/projects/Part3Demo/entry/src/main/ets/随堂代码/35-接口实现implements.ets","type":"file","isSymbolicLink":false,"fileMetaData":{"size":626,"lastModifiedTime":1714381860308}},{"hashValue":"7e969bcab2f1d00efa628004c5a4edc5","name":"36-泛型函数.ets","path":"/Users/jepson/Desktop/Harmony/projects/Part3Demo/entry/src/main/ets/随堂代码/36-泛型函数.ets","type":"file","isSymbolicLink":false,"fileMetaData":{"size":1093,"lastModifiedTime":1714385888865}},{"hashValue":"c69b84c48c1a3e299c00982d34a1020b","name":"37-泛型约束.ets","path":"/Users/jepson/Desktop/Harmony/projects/Part3Demo/entry/src/main/ets/随堂代码/37-泛型约束.ets","type":"file","isSymbolicLink":false,"fileMetaData":{"size":353,"lastModifiedTime":1714465927411}},{"hashValue":"100f3cec76c3c51a91fc5ea0ff1f5064","name":"38-多个泛型变量.ets","path":"/Users/jepson/Desktop/Harmony/projects/Part3Demo/entry/src/main/ets/随堂代码/38-多个泛型变量.ets","type":"file","isSymbolicLink":false,"fileMetaData":{"size":347,"lastModifiedTime":1714466601641}},{"hashValue":"36de3b49139c27adc39562ed29fa2cd4","name":"39-泛型接口.ets","path":"/Users/jepson/Desktop/Harmony/projects/Part3Demo/entry/src/main/ets/随堂代码/39-泛型接口.ets","type":"file","isSymbolicLink":false,"fileMetaData":{"size":518,"lastModifiedTime":1714468733153}}]}]},"/Users/jepson/Desktop/Harmony/projects/Part3Demo/entry/.preview/default/intermediates/loader_out/default/ets":{"hashValue":"","name":"emptyroot","path":"","type":"unknown","isSymbolicLink":false,"children":[]}}